4/14/2013,17:12:6,00:13:a2:00:40:a0:97:e5
4/14/2013,17:12:8,00:13:a2:00:40:a0:97:e5
4/14/2013,17:12:9,00:13:a2:00:40:a0:97:e5
4/14/2013,17:12:18,00:13:a2:00:40:8b:48:8c
4/14/2013,17:12:18,00:13:a2:00:40:8b:48:8c
4/14/2013,17:12:27,00:13:a2:00:40:89:d6:0b
4/14/2013,17:12:33,00:13:a2:00:40:89:d6:0b
4/14/2013,17:12:38,00:13:a2:00:40:89:d6:0b
4/14/2013,17:12:41,00:13:a2:00:40:8b:48:8c
4/14/2013,17:12:44,00:13:a2:00:40:8b:48:8c
4/14/2013,17:12:45,00:13:a2:00:40:8b:48:8c
4/14/2013,17:12:46,00:13:a2:00:40:8b:48:8c
4/14/2013,17:12:49,00:13:a2:00:40:8b:48:8c
4/14/2013,17:12:49,00:13:a2:00:40:8b:48:8c
4/14/2013,17:12:50,00:13:a2:00:40:8b:48:8c
4/14/2013,17:12:50,00:13:a2:00:40:8b:48:8c
4/14/2013,17:12:51,00:13:a2:00:40:8b:48:8c
4/14/2013,17:12:51,00:13:a2:00:40:79:c2:16
4/14/2013,17:12:52,00:13:a2:00:40:8b:48:8c
4/14/2013,17:12:52,00:13:a2:00:40:8b:48:8c
4/14/2013,17:12:53,00:13:a2:00:40:79:c2:16
4/14/2013,17:12:56,00:13:a2:00:40:a4:d7:1d
4/14/2013,17:12:59,00:13:a2:00:40:a4:d7:1d
4/14/2013,17:13:1,00:13:a2:00:40:89:d6:0b
4/14/2013,17:13:2,00:13:a2:00:40:89:d6:0b
4/14/2013,17:13:2,00:13:a2:00:40:89:d6:0b
4/14/2013,17:13:4,00:13:a2:00:40:89:d6:0b
4/14/2013,17:13:7,00:13:a2:00:40:a0:97:e5
4/14/2013,17:13:7,00:13:a2:00:40:79:c2:16
4/14/2013,17:13:8,00:13:a2:00:40:89:d6:0b
4/14/2013,17:13:8,00:13:a2:00:40:89:d6:0b
4/14/2013,17:13:8,00:13:a2:00:40:89:d6:0b
4/14/2013,17:13:10,00:13:a2:00:40:a0:97:e5
4/14/2013,17:13:11,00:13:a2:00:40:79:c2:16
4/14/2013,17:13:12,00:13:a2:00:40:79:c2:16
4/14/2013,17:13:13,00:13:a2:00:40:89:d6:0b
4/14/2013,17:13:13,00:13:a2:00:40:89:d6:0b
4/14/2013,17:13:15,00:13:a2:00:40:79:c2:16
4/14/2013,17:13:15,00:13:a2:00:40:79:c2:16
4/14/2013,17:13:16,00:13:a2:00:40:79:c2:16
4/14/2013,17:13:16,00:13:a2:00:40:79:c2:16
4/14/2013,17:13:17,00:13:a2:00:40:79:c2:16
4/14/2013,17:13:18,00:13:a2:00:40:79:c2:16
4/14/2013,17:13:24,00:13:a2:00:40:89:d6:0b
4/14/2013,17:13:32,00:13:a2:00:40:89:d6:0b
4/14/2013,17:13:33,00:13:a2:00:40:89:d6:0b
4/14/2013,17:13:37,00:13:a2:00:40:89:d6:0b
4/14/2013,17:13:37,00:13:a2:00:40:89:d6:0b
4/14/2013,17:13:39,00:13:a2:00:40:89:d6:0b
4/14/2013,17:13:49,00:13:a2:00:40:89:d6:0b
4/14/2013,17:13:58,00:13:a2:00:40:a4:d7:1d
4/14/2013,17:13:59,00:13:a2:00:40:a4:d7:1d
4/14/2013,17:13:59,00:13:a2:00:40:a4:d7:1d
4/14/2013,17:14:0,00:13:a2:00:40:8b:48:8c
4/14/2013,17:14:3,00:13:a2:00:40:79:c2:16
4/14/2013,17:14:3,00:13:a2:00:40:79:c2:16
4/14/2013,17:14:6,00:13:a2:00:40:8c:bc:00
4/14/2013,17:14:6,00:13:a2:00:40:8c:bc:00
4/14/2013,17:14:9,00:13:a2:00:40:89:d6:0b
4/14/2013,17:14:11,00:13:a2:00:40:79:c2:16
4/14/2013,17:14:18,00:13:a2:00:40:a4:d7:1d
4/14/2013,17:14:18,00:13:a2:00:40:79:c2:16
4/14/2013,17:14:19,00:13:a2:00:40:8b:48:8c
4/14/2013,17:14:19,00:13:a2:00:40:8b:48:8c
4/14/2013,17:14:19,00:13:a2:00:40:79:c2:16
4/14/2013,17:14:24,00:13:a2:00:40:8b:48:8c
4/14/2013,17:14:24,00:13:a2:00:40:8b:48:8c
4/14/2013,17:14:26,00:13:a2:00:40:8b:48:8c
4/14/2013,17:14:26,00:13:a2:00:40:8b:48:8c
4/14/2013,17:14:27,00:13:a2:00:40:8b:48:8c
4/14/2013,17:14:28,00:13:a2:00:40:89:d6:0b
4/14/2013,17:14:28,00:13:a2:00:40:8b:48:8c
4/14/2013,17:14:29,00:13:a2:00:40:8b:48:8c
4/14/2013,17:14:29,00:13:a2:00:40:8b:48:8c
4/14/2013,17:14:31,00:13:a2:00:40:8c:bc:00
4/14/2013,17:14:35,00:13:a2:00:40:8c:bc:00
4/14/2013,17:14:35,00:13:a2:00:40:8c:bc:00
4/14/2013,17:14:35,00:13:a2:00:40:79:c2:16
4/14/2013,17:14:36,00:13:a2:00:40:8c:bc:00
4/14/2013,17:14:36,00:13:a2:00:40:8c:bc:00
4/14/2013,17:14:36,00:13:a2:00:40:8c:bc:00
4/14/2013,17:14:37,00:13:a2:00:40:79:c2:16
4/14/2013,17:14:37,00:13:a2:00:40:79:c2:16
4/14/2013,17:14:37,00:13:a2:00:40:8c:bc:00
4/14/2013,17:14:38,00:13:a2:00:40:8c:bc:00
4/14/2013,17:14:39,00:13:a2:00:40:79:c2:16
4/14/2013,17:14:39,00:13:a2:00:40:89:d6:0b
4/14/2013,17:14:40,00:13:a2:00:40:89:d6:0b
4/14/2013,17:14:43,00:13:a2:00:40:8b:48:8c
4/14/2013,17:14:52,00:13:a2:00:40:8c:bc:00
4/14/2013,17:14:53,00:13:a2:00:40:89:d6:0b
4/14/2013,17:14:54,00:13:a2:00:40:89:d6:0b
4/14/2013,17:15:8,00:13:a2:00:40:89:d6:0b
4/14/2013,17:15:11,00:13:a2:00:40:a0:97:e5
4/14/2013,17:15:11,00:13:a2:00:40:a4:d7:1d
4/14/2013,17:15:12,00:13:a2:00:40:a0:97:e5
4/14/2013,17:15:12,00:13:a2:00:40:a0:97:e5
4/14/2013,17:15:16,00:13:a2:00:40:8b:48:8c
4/14/2013,17:15:18,00:13:a2:00:40:8b:48:8c
4/14/2013,17:15:20,00:13:a2:00:40:89:d6:0b
4/14/2013,17:15:24,00:13:a2:00:40:8b:48:8c
4/14/2013,17:15:26,00:13:a2:00:40:8b:48:8c
4/14/2013,17:15:27,00:13:a2:00:40:8b:48:8c
4/14/2013,17:15:37,00:13:a2:00:40:8b:48:8c
4/14/2013,17:15:51,00:13:a2:00:40:8b:48:8c
4/14/2013,17:16:3,00:13:a2:00:40:8b:48:8c
4/14/2013,17:16:8,00:13:a2:00:40:8b:48:8c
4/14/2013,17:16:15,00:13:a2:00:40:89:d6:0b
4/14/2013,17:16:17,00:13:a2:00:40:89:d6:0b
4/14/2013,17:16:32,00:13:a2:00:40:89:d6:0b
4/14/2013,17:17:37,00:13:a2:00:40:89:d6:0b
4/14/2013,17:17:38,00:13:a2:00:40:89:d6:0b
4/14/2013,17:17:54,00:13:a2:00:40:8b:48:8c
4/14/2013,17:17:54,00:13:a2:00:40:8b:48:8c
4/14/2013,17:18:4,00:13:a2:00:40:89:d6:0b
4/14/2013,17:18:5,00:13:a2:00:40:89:d6:0b
4/14/2013,17:18:7,00:13:a2:00:40:89:d6:0b
4/14/2013,17:18:7,00:13:a2:00:40:89:d6:0b
4/14/2013,17:18:7,00:13:a2:00:40:8c:bc:00
4/14/2013,17:18:21,00:13:a2:00:40:89:d6:0b
4/14/2013,17:18:42,00:13:a2:00:40:8b:48:8c
4/14/2013,17:18:45,00:13:a2:00:40:8b:48:8c
4/14/2013,17:18:45,00:13:a2:00:40:8b:48:8c
4/14/2013,17:18:49,00:13:a2:00:40:a4:d7:1d
4/14/2013,17:18:50,00:13:a2:00:40:8b:48:8c
4/14/2013,17:18:51,00:13:a2:00:40:8b:48:8c
4/14/2013,17:18:52,00:13:a2:00:40:8b:48:8c
4/14/2013,17:19:13,00:13:a2:00:40:89:d6:0b
4/14/2013,17:19:14,00:13:a2:00:40:a4:d7:1d
4/14/2013,17:19:14,00:13:a2:00:40:89:d6:0b
4/14/2013,17:19:21,00:13:a2:00:40:8b:48:8c
4/14/2013,17:19:28,00:13:a2:00:40:8b:48:8c
4/14/2013,17:19:33,00:13:a2:00:40:8b:48:8c
4/14/2013,17:19:35,00:13:a2:00:40:8b:48:8c
4/14/2013,17:19:36,00:13:a2:00:40:8b:48:8c
4/14/2013,17:19:37,00:13:a2:00:40:79:c2:16
4/14/2013,17:19:54,00:13:a2:00:40:a0:97:e5
4/14/2013,17:20:7,00:13:a2:00:40:8c:bc:00
4/14/2013,17:20:14,00:13:a2:00:40:a0:97:e5
4/14/2013,17:20:16,00:13:a2:00:40:a0:97:e5
4/14/2013,17:20:26,00:13:a2:00:40:79:c2:16
4/14/2013,17:20:27,00:13:a2:00:40:79:c2:16
4/14/2013,17:20:29,00:13:a2:00:40:79:c2:16
4/14/2013,17:20:29,00:13:a2:00:40:79:c2:16
4/14/2013,17:20:30,00:13:a2:00:40:79:c2:16
4/14/2013,17:20:32,00:13:a2:00:40:79:c2:16
4/14/2013,17:20:32,00:13:a2:00:40:a0:97:e5
4/14/2013,17:20:34,00:13:a2:00:40:a0:97:e5
4/14/2013,17:20:35,00:13:a2:00:40:a4:d7:1d
4/14/2013,17:20:35,00:13:a2:00:40:a0:97:e5
4/14/2013,17:20:36,00:13:a2:00:40:a4:d7:1d
4/14/2013,17:20:39,00:13:a2:00:40:a4:d7:1d
4/14/2013,17:20:41,00:13:a2:00:40:79:c2:16
4/14/2013,17:20:55,00:13:a2:00:40:89:d6:0b
4/14/2013,17:21:10,00:13:a2:00:40:79:c2:16
4/14/2013,17:21:17,00:13:a2:00:40:8c:bc:00
4/14/2013,17:21:18,00:13:a2:00:40:8c:bc:00
4/14/2013,17:21:19,00:13:a2:00:40:8c:bc:00
4/14/2013,17:21:22,00:13:a2:00:40:8c:bc:00
4/14/2013,17:21:24,00:13:a2:00:40:8c:bc:00
4/14/2013,17:21:25,00:13:a2:00:40:8c:bc:00
4/14/2013,17:21:25,00:13:a2:00:40:8c:bc:00
4/14/2013,17:21:31,00:13:a2:00:40:8c:bc:00
4/14/2013,17:21:31,00:13:a2:00:40:8c:bc:00
4/14/2013,17:21:31,00:13:a2:00:40:8b:48:8c
4/14/2013,17:21:31,00:13:a2:00:40:8c:bc:00
4/14/2013,17:21:32,00:13:a2:00:40:8c:bc:00
4/14/2013,17:21:33,00:13:a2:00:40:a0:97:e5
4/14/2013,17:21:33,00:13:a2:00:40:8c:bc:00
4/14/2013,17:21:33,00:13:a2:00:40:8c:bc:00
4/14/2013,17:21:34,00:13:a2:00:40:8b:48:8c
4/14/2013,17:21:34,00:13:a2:00:40:89:d6:0b
4/14/2013,17:21:34,00:13:a2:00:40:8c:bc:00
4/14/2013,17:21:35,00:13:a2:00:40:8c:bc:00
4/14/2013,17:21:41,00:13:a2:00:40:8c:bc:00
4/14/2013,17:21:49,00:13:a2:00:40:8c:bc:00
4/14/2013,17:21:56,00:13:a2:00:40:8c:bc:00
4/14/2013,17:22:7,00:13:a2:00:40:89:d6:0b
4/14/2013,17:22:8,00:13:a2:00:40:89:d6:0b
4/14/2013,17:22:9,00:13:a2:00:40:89:d6:0b
4/14/2013,17:22:9,00:13:a2:00:40:8b:48:8c
4/14/2013,17:22:9,00:13:a2:00:40:89:d6:0b
4/14/2013,17:22:12,00:13:a2:00:40:a4:d7:1d
4/14/2013,17:22:14,00:13:a2:00:40:a4:d7:1d
4/14/2013,17:22:19,00:13:a2:00:40:a0:97:e5
4/14/2013,17:22:38,00:13:a2:00:40:a0:97:e5
4/14/2013,17:22:48,00:13:a2:00:40:89:d6:0b
4/14/2013,17:22:50,00:13:a2:00:40:a0:97:e5
4/14/2013,17:22:50,00:13:a2:00:40:89:d6:0b
4/14/2013,17:22:51,00:13:a2:00:40:89:d6:0b
4/14/2013,17:22:51,00:13:a2:00:40:89:d6:0b
4/14/2013,17:22:57,00:13:a2:00:40:a0:97:e5
4/14/2013,17:22:57,00:13:a2:00:40:a0:97:e5
4/14/2013,17:23:3,00:13:a2:00:40:a0:97:e5
4/14/2013,17:23:17,00:13:a2:00:40:a0:97:e5
4/14/2013,17:23:18,00:13:a2:00:40:a0:97:e5
4/14/2013,17:23:19,00:13:a2:00:40:a0:97:e5
4/14/2013,17:23:22,00:13:a2:00:40:a0:97:e5
4/14/2013,17:23:23,00:13:a2:00:40:89:d6:0b
4/14/2013,17:23:25,00:13:a2:00:40:89:d6:0b
4/14/2013,17:23:28,00:13:a2:00:40:89:d6:0b
4/14/2013,17:23:29,00:13:a2:00:40:89:d6:0b
4/14/2013,17:23:34,00:13:a2:00:40:a0:97:e5
4/14/2013,17:23:34,00:13:a2:00:40:a0:97:e5
4/14/2013,17:23:35,00:13:a2:00:40:a0:97:e5
4/14/2013,17:23:35,00:13:a2:00:40:a0:97:e5
4/14/2013,17:23:37,00:13:a2:00:40:8b:48:8c
4/14/2013,17:23:37,00:13:a2:00:40:8b:48:8c
4/14/2013,17:23:38,00:13:a2:00:40:8b:48:8c
4/14/2013,17:23:41,00:13:a2:00:40:8b:48:8c
4/14/2013,17:23:42,00:13:a2:00:40:8b:48:8c
4/14/2013,17:23:42,00:13:a2:00:40:8b:48:8c
4/14/2013,17:23:43,00:13:a2:00:40:8b:48:8c
4/14/2013,17:23:44,00:13:a2:00:40:8b:48:8c
4/14/2013,17:23:45,00:13:a2:00:40:8b:48:8c
4/14/2013,17:23:47,00:13:a2:00:40:8b:48:8c
4/14/2013,17:23:48,00:13:a2:00:40:8b:48:8c
4/14/2013,17:23:48,00:13:a2:00:40:a0:97:e5
4/14/2013,17:23:49,00:13:a2:00:40:a0:97:e5
4/14/2013,17:24:6,00:13:a2:00:40:8b:48:8c
4/14/2013,17:24:24,00:13:a2:00:40:8b:48:8c
4/14/2013,17:24:27,00:13:a2:00:40:8c:bc:00
4/14/2013,17:24:29,00:13:a2:00:40:a4:d7:1d
4/14/2013,17:24:43,00:13:a2:00:40:a4:d7:1d
4/14/2013,17:24:43,00:13:a2:00:40:a4:d7:1d
4/14/2013,17:24:46,00:13:a2:00:40:a4:d7:1d
4/14/2013,17:24:52,00:13:a2:00:40:a0:97:e5
4/14/2013,17:24:54,00:13:a2:00:40:8b:48:8c
4/14/2013,17:24:59,00:13:a2:00:40:8b:48:8c
4/14/2013,17:25:0,00:13:a2:00:40:8b:48:8c
4/14/2013,17:25:3,00:13:a2:00:40:8b:48:8c
4/14/2013,17:25:4,00:13:a2:00:40:8b:48:8c
4/14/2013,17:25:11,00:13:a2:00:40:8b:48:8c
4/14/2013,17:25:12,00:13:a2:00:40:a4:d7:1d
4/14/2013,17:25:52,00:13:a2:00:40:8b:48:8c
4/14/2013,17:26:7,00:13:a2:00:40:79:c2:16
4/14/2013,17:26:9,00:13:a2:00:40:79:c2:16
4/14/2013,17:26:27,00:13:a2:00:40:8b:48:8c
4/14/2013,17:26:28,00:13:a2:00:40:8b:48:8c
4/14/2013,17:26:42,00:13:a2:00:40:8c:bc:00
4/14/2013,17:26:44,00:13:a2:00:40:8c:bc:00
4/14/2013,17:26:44,00:13:a2:00:40:8c:bc:00
4/14/2013,17:26:47,00:13:a2:00:40:8c:bc:00
4/14/2013,17:26:48,00:13:a2:00:40:8c:bc:00
4/14/2013,17:26:55,00:13:a2:00:40:8c:bc:00
4/14/2013,17:26:56,00:13:a2:00:40:8c:bc:00
4/14/2013,17:26:56,00:13:a2:00:40:8c:bc:00
4/14/2013,17:27:5,00:13:a2:00:40:8c:bc:00
4/14/2013,17:27:6,00:13:a2:00:40:79:c2:16
4/14/2013,17:27:17,00:13:a2:00:40:a4:d7:1d
4/14/2013,17:27:17,00:13:a2:00:40:a4:d7:1d
4/14/2013,17:27:22,00:13:a2:00:40:a4:d7:1d
4/14/2013,17:28:21,00:13:a2:00:40:79:c2:16
4/14/2013,17:28:23,00:13:a2:00:40:79:c2:16
4/14/2013,17:28:25,00:13:a2:00:40:79:c2:16
4/14/2013,17:28:26,00:13:a2:00:40:79:c2:16
4/14/2013,17:28:26,00:13:a2:00:40:79:c2:16
4/14/2013,17:28:28,00:13:a2:00:40:79:c2:16
4/14/2013,17:28:32,00:13:a2:00:40:8c:bc:00
4/14/2013,17:28:39,00:13:a2:00:40:79:c2:16
4/14/2013,17:28:42,00:13:a2:00:40:a4:d7:1d
4/14/2013,17:28:44,00:13:a2:00:40:a4:d7:1d
4/14/2013,17:28:44,00:13:a2:00:40:a4:d7:1d
4/14/2013,17:28:45,00:13:a2:00:40:79:c2:16
4/14/2013,17:28:46,00:13:a2:00:40:79:c2:16
4/14/2013,17:29:9,00:13:a2:00:40:8c:bc:00
4/14/2013,17:29:12,00:13:a2:00:40:8c:bc:00
4/14/2013,17:29:17,00:13:a2:00:40:8c:bc:00
4/14/2013,17:29:18,00:13:a2:00:40:8c:bc:00
4/14/2013,17:29:37,00:13:a2:00:40:a4:d7:1d
4/14/2013,17:29:39,00:13:a2:00:40:a4:d7:1d
4/14/2013,17:29:40,00:13:a2:00:40:a4:d7:1d
4/14/2013,17:29:41,00:13:a2:00:40:a4:d7:1d
4/14/2013,17:29:55,00:13:a2:00:40:8c:bc:00
4/14/2013,17:29:56,00:13:a2:00:40:8c:bc:00
4/14/2013,17:29:57,00:13:a2:00:40:89:d6:0b
4/14/2013,17:30:4,00:13:a2:00:40:8c:bc:00
4/14/2013,17:30:18,00:13:a2:00:40:a0:97:e5
4/14/2013,17:30:19,00:13:a2:00:40:a0:97:e5
4/14/2013,17:30:20,00:13:a2:00:40:a0:97:e5
4/14/2013,17:30:20,00:13:a2:00:40:8c:bc:00
4/14/2013,17:30:21,00:13:a2:00:40:a0:97:e5
4/14/2013,17:30:21,00:13:a2:00:40:8c:bc:00
4/14/2013,17:30:21,00:13:a2:00:40:a0:97:e5
4/14/2013,17:30:22,00:13:a2:00:40:a0:97:e5
4/14/2013,17:30:23,00:13:a2:00:40:a0:97:e5
4/14/2013,17:30:24,00:13:a2:00:40:a0:97:e5
4/14/2013,17:30:24,00:13:a2:00:40:a0:97:e5
4/14/2013,17:30:25,00:13:a2:00:40:a0:97:e5
4/14/2013,17:30:25,00:13:a2:00:40:a0:97:e5
4/14/2013,17:30:26,00:13:a2:00:40:a0:97:e5
4/14/2013,17:30:27,00:13:a2:00:40:a0:97:e5
4/14/2013,17:30:27,00:13:a2:00:40:a0:97:e5
4/14/2013,17:30:28,00:13:a2:00:40:a0:97:e5
4/14/2013,17:30:29,00:13:a2:00:40:a0:97:e5
4/14/2013,17:30:38,00:13:a2:00:40:79:c2:16
4/14/2013,17:30:38,00:13:a2:00:40:79:c2:16
4/14/2013,17:30:39,00:13:a2:00:40:8c:bc:00
4/14/2013,17:30:39,00:13:a2:00:40:79:c2:16
4/14/2013,17:30:41,00:13:a2:00:40:79:c2:16
4/14/2013,17:30:48,00:13:a2:00:40:8c:bc:00
4/14/2013,17:30:59,00:13:a2:00:40:8c:bc:00
4/14/2013,17:31:49,00:13:a2:00:40:a4:d7:1d
4/14/2013,17:31:49,00:13:a2:00:40:a4:d7:1d
4/14/2013,17:31:53,00:13:a2:00:40:a4:d7:1d
4/14/2013,17:31:55,00:13:a2:00:40:a4:d7:1d
4/14/2013,17:32:15,00:13:a2:00:40:a4:d7:1d
4/14/2013,17:32:18,00:13:a2:00:40:8b:48:8c
4/14/2013,17:32:25,00:13:a2:00:40:8b:48:8c
4/14/2013,17:32:28,00:13:a2:00:40:8b:48:8c
4/14/2013,17:32:28,00:13:a2:00:40:8b:48:8c
4/14/2013,17:32:39,00:13:a2:00:40:a4:d7:1d
4/14/2013,17:32:52,00:13:a2:00:40:8b:48:8c
4/14/2013,17:32:52,00:13:a2:00:40:8b:48:8c
4/14/2013,17:32:53,00:13:a2:00:40:8b:48:8c
4/14/2013,17:34:47,00:13:a2:00:40:89:d6:0b
4/14/2013,17:34:48,00:13:a2:00:40:89:d6:0b
4/14/2013,17:34:49,00:13:a2:00:40:89:d6:0b
4/14/2013,17:34:51,00:13:a2:00:40:89:d6:0b
4/14/2013,17:35:8,00:13:a2:00:40:89:d6:0b
4/14/2013,17:35:9,00:13:a2:00:40:89:d6:0b
4/14/2013,17:35:34,00:13:a2:00:40:a4:d7:1d
4/14/2013,17:35:37,00:13:a2:00:40:a4:d7:1d
4/14/2013,17:36:5,00:13:a2:00:40:8b:48:8c
4/14/2013,17:36:26,00:13:a2:00:40:8b:48:8c
4/14/2013,17:36:26,00:13:a2:00:40:8b:48:8c
4/14/2013,17:36:28,00:13:a2:00:40:8b:48:8c
4/14/2013,17:36:29,00:13:a2:00:40:8b:48:8c
4/14/2013,17:36:29,00:13:a2:00:40:8b:48:8c
4/14/2013,17:36:29,00:13:a2:00:40:8b:48:8c
4/14/2013,17:36:30,00:13:a2:00:40:8b:48:8c
4/14/2013,17:36:30,00:13:a2:00:40:8b:48:8c
4/14/2013,17:36:30,00:13:a2:00:40:8b:48:8c
4/14/2013,17:36:32,00:13:a2:00:40:8b:48:8c
4/14/2013,17:36:44,00:13:a2:00:40:a4:d7:1d
4/14/2013,17:36:44,00:13:a2:00:40:a4:d7:1d
4/14/2013,17:36:46,00:13:a2:00:40:a4:d7:1d
4/14/2013,17:36:47,00:13:a2:00:40:a4:d7:1d
4/14/2013,17:36:48,00:13:a2:00:40:8b:48:8c
4/14/2013,17:36:49,00:13:a2:00:40:a4:d7:1d
4/14/2013,17:36:50,00:13:a2:00:40:a4:d7:1d
4/14/2013,17:36:57,00:13:a2:00:40:89:d6:0b
4/14/2013,17:36:59,00:13:a2:00:40:89:d6:0b
4/14/2013,17:37:1,00:13:a2:00:40:8b:48:8c
4/14/2013,17:37:6,00:13:a2:00:40:89:d6:0b
4/14/2013,17:37:8,00:13:a2:00:40:89:d6:0b
4/14/2013,17:37:10,00:13:a2:00:40:89:d6:0b
4/14/2013,17:37:11,00:13:a2:00:40:89:d6:0b
4/14/2013,17:37:11,00:13:a2:00:40:89:d6:0b
4/14/2013,17:37:12,00:13:a2:00:40:89:d6:0b
4/14/2013,17:37:13,00:13:a2:00:40:89:d6:0b
4/14/2013,17:37:14,00:13:a2:00:40:89:d6:0b
4/14/2013,17:38:17,00:13:a2:00:40:79:c2:16
4/14/2013,17:38:19,00:13:a2:00:40:79:c2:16
4/14/2013,17:38:19,00:13:a2:00:40:79:c2:16
4/14/2013,17:38:24,00:13:a2:00:40:79:c2:16
4/14/2013,17:38:26,00:13:a2:00:40:79:c2:16
4/14/2013,17:38:29,00:13:a2:00:40:79:c2:16
4/14/2013,17:38:31,00:13:a2:00:40:79:c2:16
4/14/2013,17:38:34,00:13:a2:00:40:79:c2:16
4/14/2013,17:38:40,00:13:a2:00:40:8b:48:8c
4/14/2013,17:38:45,00:13:a2:00:40:8b:48:8c
4/14/2013,17:39:52,00:13:a2:00:40:89:d6:0b
4/14/2013,17:39:54,00:13:a2:00:40:89:d6:0b
4/14/2013,17:40:9,00:13:a2:00:40:a4:d7:1d
4/14/2013,17:40:10,00:13:a2:00:40:a4:d7:1d
4/14/2013,17:41:4,00:13:a2:00:40:89:d6:0b
4/14/2013,17:41:6,00:13:a2:00:40:89:d6:0b
4/14/2013,17:41:16,00:13:a2:00:40:a4:d7:1d
4/14/2013,17:41:17,00:13:a2:00:40:8b:48:8c
4/14/2013,17:41:18,00:13:a2:00:40:a4:d7:1d
4/14/2013,17:41:18,00:13:a2:00:40:a4:d7:1d
4/14/2013,17:41:26,00:13:a2:00:40:8b:48:8c
4/14/2013,17:44:4,00:13:a2:00:40:8c:bc:00
4/14/2013,17:44:59,00:13:a2:00:40:79:c2:16
4/14/2013,17:45:10,00:13:a2:00:40:79:c2:16
4/14/2013,17:45:11,00:13:a2:00:40:79:c2:16
4/14/2013,17:45:16,00:13:a2:00:40:8b:48:8c
4/14/2013,17:45:23,00:13:a2:00:40:8b:48:8c
4/14/2013,17:45:37,00:13:a2:00:40:8b:48:8c
4/14/2013,17:45:43,00:13:a2:00:40:89:d6:0b
4/14/2013,17:45:50,00:13:a2:00:40:89:d6:0b
4/14/2013,17:46:4,00:13:a2:00:40:89:d6:0b
4/14/2013,17:46:15,00:13:a2:00:40:8b:48:8c
4/14/2013,17:46:15,00:13:a2:00:40:8b:48:8c
4/14/2013,17:46:38,00:13:a2:00:40:8b:48:8c
4/14/2013,17:46:58,00:13:a2:00:40:79:c2:16
4/14/2013,17:47:5,00:13:a2:00:40:79:c2:16
4/14/2013,17:47:5,00:13:a2:00:40:79:c2:16
4/14/2013,17:47:16,00:13:a2:00:40:79:c2:16
4/14/2013,17:47:38,00:13:a2:00:40:89:d6:0b
4/14/2013,17:47:39,00:13:a2:00:40:89:d6:0b
4/14/2013,17:47:55,00:13:a2:00:40:8b:48:8c
4/14/2013,17:47:55,00:13:a2:00:40:8c:bc:00
4/14/2013,17:47:56,00:13:a2:00:40:8c:bc:00
4/14/2013,17:47:57,00:13:a2:00:40:8c:bc:00
4/14/2013,17:48:5,00:13:a2:00:40:79:c2:16
4/14/2013,17:48:5,00:13:a2:00:40:79:c2:16
4/14/2013,17:48:6,00:13:a2:00:40:8c:bc:00
4/14/2013,17:48:23,00:13:a2:00:40:8b:48:8c
4/14/2013,17:48:48,00:13:a2:00:40:8c:bc:00
4/14/2013,17:49:2,00:13:a2:00:40:8c:bc:00
4/14/2013,17:49:41,00:13:a2:00:40:8c:bc:00
4/14/2013,17:49:42,00:13:a2:00:40:8c:bc:00
4/14/2013,17:50:21,00:13:a2:00:40:8c:bc:00
4/14/2013,17:50:23,00:13:a2:00:40:8c:bc:00
4/14/2013,17:50:25,00:13:a2:00:40:79:c2:16
4/14/2013,17:50:26,00:13:a2:00:40:8c:bc:00
4/14/2013,17:50:32,00:13:a2:00:40:79:c2:16
4/14/2013,17:50:45,00:13:a2:00:40:79:c2:16
4/14/2013,17:50:46,00:13:a2:00:40:79:c2:16
4/14/2013,17:50:47,00:13:a2:00:40:79:c2:16
4/14/2013,17:50:54,00:13:a2:00:40:79:c2:16
4/14/2013,17:51:20,00:13:a2:00:40:8b:48:8c
4/14/2013,17:51:22,00:13:a2:00:40:8b:48:8c
4/14/2013,17:51:30,00:13:a2:00:40:8b:48:8c
4/14/2013,17:51:32,00:13:a2:00:40:8b:48:8c
4/14/2013,17:51:35,00:13:a2:00:40:8b:48:8c
4/14/2013,17:51:47,00:13:a2:00:40:8b:48:8c
4/14/2013,17:51:47,00:13:a2:00:40:8b:48:8c
4/14/2013,17:51:47,00:13:a2:00:40:8b:48:8c
4/14/2013,17:51:49,00:13:a2:00:40:8b:48:8c
4/14/2013,17:51:50,00:13:a2:00:40:8b:48:8c
4/14/2013,17:51:55,00:13:a2:00:40:8b:48:8c
4/14/2013,17:51:58,00:13:a2:00:40:8b:48:8c
4/14/2013,17:52:20,00:13:a2:00:40:8b:48:8c
4/14/2013,17:52:21,00:13:a2:00:40:8b:48:8c
4/14/2013,17:52:23,00:13:a2:00:40:8b:48:8c
4/14/2013,17:52:24,00:13:a2:00:40:8b:48:8c
4/14/2013,17:52:26,00:13:a2:00:40:8b:48:8c
4/14/2013,17:52:27,00:13:a2:00:40:8b:48:8c
4/14/2013,17:52:27,00:13:a2:00:40:8b:48:8c
4/14/2013,17:52:27,00:13:a2:00:40:8c:bc:00
4/14/2013,17:52:29,00:13:a2:00:40:8c:bc:00
4/14/2013,17:52:29,00:13:a2:00:40:8c:bc:00
4/14/2013,17:52:31,00:13:a2:00:40:8c:bc:00
4/14/2013,17:52:31,00:13:a2:00:40:8c:bc:00
4/14/2013,17:52:32,00:13:a2:00:40:8c:bc:00
4/14/2013,17:52:32,00:13:a2:00:40:8c:bc:00
4/14/2013,17:52:41,00:13:a2:00:40:a4:d7:1d
4/14/2013,17:52:41,00:13:a2:00:40:8c:bc:00
4/14/2013,17:52:41,00:13:a2:00:40:8c:bc:00
4/14/2013,17:52:43,00:13:a2:00:40:a4:d7:1d
4/14/2013,17:52:44,00:13:a2:00:40:a4:d7:1d
4/14/2013,17:53:9,00:13:a2:00:40:a4:d7:1d
4/14/2013,17:53:15,00:13:a2:00:40:89:d6:0b
4/14/2013,17:53:24,00:13:a2:00:40:8b:48:8c
4/14/2013,17:53:24,00:13:a2:00:40:8b:48:8c
4/14/2013,17:53:24,00:13:a2:00:40:89:d6:0b
4/14/2013,17:53:26,00:13:a2:00:40:89:d6:0b
4/14/2013,17:53:27,00:13:a2:00:40:89:d6:0b
4/14/2013,17:53:31,00:13:a2:00:40:8c:bc:00
4/14/2013,17:53:32,00:13:a2:00:40:8c:bc:00
4/14/2013,17:53:34,00:13:a2:00:40:8c:bc:00
4/14/2013,17:53:45,00:13:a2:00:40:8c:bc:00
4/14/2013,17:53:50,00:13:a2:00:40:89:d6:0b
4/14/2013,17:54:4,00:13:a2:00:40:8b:48:8c
4/14/2013,17:54:4,00:13:a2:00:40:8b:48:8c
4/14/2013,17:54:8,00:13:a2:00:40:89:d6:0b
4/14/2013,17:54:9,00:13:a2:00:40:89:d6:0b
4/14/2013,17:54:10,00:13:a2:00:40:89:d6:0b
4/14/2013,17:54:10,00:13:a2:00:40:89:d6:0b
4/14/2013,17:54:11,00:13:a2:00:40:89:d6:0b
4/14/2013,17:54:11,00:13:a2:00:40:89:d6:0b
4/14/2013,17:54:12,00:13:a2:00:40:89:d6:0b
4/14/2013,17:54:15,00:13:a2:00:40:89:d6:0b
4/14/2013,17:54:18,00:13:a2:00:40:89:d6:0b
4/14/2013,17:54:18,00:13:a2:00:40:89:d6:0b
4/14/2013,17:54:19,00:13:a2:00:40:89:d6:0b
4/14/2013,17:54:20,00:13:a2:00:40:89:d6:0b
4/14/2013,17:54:21,00:13:a2:00:40:89:d6:0b
4/14/2013,17:54:26,00:13:a2:00:40:89:d6:0b
4/14/2013,17:54:30,00:13:a2:00:40:89:d6:0b
4/14/2013,17:54:31,00:13:a2:00:40:89:d6:0b
4/14/2013,17:54:32,00:13:a2:00:40:89:d6:0b
4/14/2013,17:54:32,00:13:a2:00:40:89:d6:0b
4/14/2013,17:54:33,00:13:a2:00:40:89:d6:0b
4/14/2013,17:54:37,00:13:a2:00:40:89:d6:0b
4/14/2013,17:54:39,00:13:a2:00:40:89:d6:0b
4/14/2013,17:54:41,00:13:a2:00:40:89:d6:0b
4/14/2013,17:54:42,00:13:a2:00:40:89:d6:0b
4/14/2013,17:54:43,00:13:a2:00:40:89:d6:0b
4/14/2013,17:54:45,00:13:a2:00:40:a4:d7:1d
4/14/2013,17:54:46,00:13:a2:00:40:89:d6:0b
4/14/2013,17:54:47,00:13:a2:00:40:89:d6:0b
4/14/2013,17:54:49,00:13:a2:00:40:89:d6:0b
4/14/2013,17:54:51,00:13:a2:00:40:89:d6:0b
4/14/2013,17:54:52,00:13:a2:00:40:89:d6:0b
4/14/2013,17:54:53,00:13:a2:00:40:89:d6:0b
4/14/2013,17:54:57,00:13:a2:00:40:89:d6:0b
4/14/2013,17:54:58,00:13:a2:00:40:89:d6:0b
4/14/2013,17:55:0,00:13:a2:00:40:89:d6:0b
4/14/2013,17:55:0,00:13:a2:00:40:89:d6:0b
4/14/2013,17:55:3,00:13:a2:00:40:79:c2:16
4/14/2013,17:55:11,00:13:a2:00:40:89:d6:0b
4/14/2013,17:55:11,00:13:a2:00:40:89:d6:0b
4/14/2013,17:55:11,00:13:a2:00:40:89:d6:0b
4/14/2013,17:55:11,00:13:a2:00:40:89:d6:0b
4/14/2013,17:55:12,00:13:a2:00:40:89:d6:0b
4/14/2013,17:55:14,00:13:a2:00:40:89:d6:0b
4/14/2013,17:55:14,00:13:a2:00:40:89:d6:0b
4/14/2013,17:55:17,00:13:a2:00:40:89:d6:0b
4/14/2013,17:55:21,00:13:a2:00:40:89:d6:0b
4/14/2013,17:55:23,00:13:a2:00:40:89:d6:0b
4/14/2013,17:55:23,00:13:a2:00:40:89:d6:0b
4/14/2013,17:55:24,00:13:a2:00:40:89:d6:0b
4/14/2013,17:55:26,00:13:a2:00:40:89:d6:0b
4/14/2013,17:55:29,00:13:a2:00:40:89:d6:0b
4/14/2013,17:55:30,00:13:a2:00:40:89:d6:0b
4/14/2013,17:55:31,00:13:a2:00:40:89:d6:0b
4/14/2013,17:55:32,00:13:a2:00:40:89:d6:0b
4/14/2013,17:55:35,00:13:a2:00:40:89:d6:0b
4/14/2013,17:55:36,00:13:a2:00:40:89:d6:0b
4/14/2013,17:55:40,00:13:a2:00:40:89:d6:0b
4/14/2013,17:55:41,00:13:a2:00:40:89:d6:0b
4/14/2013,17:55:41,00:13:a2:00:40:89:d6:0b
4/14/2013,17:55:45,00:13:a2:00:40:89:d6:0b
4/14/2013,17:55:46,00:13:a2:00:40:89:d6:0b
4/14/2013,17:55:46,00:13:a2:00:40:89:d6:0b
4/14/2013,17:55:47,00:13:a2:00:40:a4:d7:1d
4/14/2013,17:55:48,00:13:a2:00:40:89:d6:0b
4/14/2013,17:55:50,00:13:a2:00:40:89:d6:0b
4/14/2013,17:55:52,00:13:a2:00:40:89:d6:0b
4/14/2013,17:55:54,00:13:a2:00:40:89:d6:0b
4/14/2013,17:55:54,00:13:a2:00:40:89:d6:0b
4/14/2013,17:55:55,00:13:a2:00:40:89:d6:0b
4/14/2013,17:55:56,00:13:a2:00:40:89:d6:0b
4/14/2013,17:55:59,00:13:a2:00:40:89:d6:0b
4/14/2013,17:56:1,00:13:a2:00:40:89:d6:0b
4/14/2013,17:56:1,00:13:a2:00:40:89:d6:0b
4/14/2013,17:56:8,00:13:a2:00:40:89:d6:0b
4/14/2013,17:56:8,00:13:a2:00:40:89:d6:0b
4/14/2013,17:56:9,00:13:a2:00:40:79:c2:16
4/14/2013,17:56:10,00:13:a2:00:40:89:d6:0b
4/14/2013,17:56:10,00:13:a2:00:40:89:d6:0b
4/14/2013,17:56:11,00:13:a2:00:40:89:d6:0b
4/14/2013,17:56:11,00:13:a2:00:40:89:d6:0b
4/14/2013,17:56:12,00:13:a2:00:40:89:d6:0b
4/14/2013,17:56:14,00:13:a2:00:40:79:c2:16
4/14/2013,17:56:14,00:13:a2:00:40:89:d6:0b
4/14/2013,17:56:16,00:13:a2:00:40:79:c2:16
4/14/2013,17:56:16,00:13:a2:00:40:79:c2:16
4/14/2013,17:56:18,00:13:a2:00:40:89:d6:0b
4/14/2013,17:56:20,00:13:a2:00:40:89:d6:0b
4/14/2013,17:56:22,00:13:a2:00:40:89:d6:0b
4/14/2013,17:56:23,00:13:a2:00:40:89:d6:0b
4/14/2013,17:56:24,00:13:a2:00:40:89:d6:0b
4/14/2013,17:56:25,00:13:a2:00:40:89:d6:0b
4/14/2013,17:56:25,00:13:a2:00:40:89:d6:0b
4/14/2013,17:56:29,00:13:a2:00:40:89:d6:0b
4/14/2013,17:56:31,00:13:a2:00:40:89:d6:0b
4/14/2013,17:56:31,00:13:a2:00:40:89:d6:0b
4/14/2013,17:56:34,00:13:a2:00:40:89:d6:0b
4/14/2013,17:56:37,00:13:a2:00:40:89:d6:0b
4/14/2013,17:56:37,00:13:a2:00:40:89:d6:0b
4/14/2013,17:56:39,00:13:a2:00:40:89:d6:0b
4/14/2013,17:56:40,00:13:a2:00:40:89:d6:0b
4/14/2013,17:56:41,00:13:a2:00:40:89:d6:0b
4/14/2013,17:56:41,00:13:a2:00:40:89:d6:0b
4/14/2013,17:56:45,00:13:a2:00:40:89:d6:0b
4/14/2013,17:56:48,00:13:a2:00:40:89:d6:0b
4/14/2013,17:56:52,00:13:a2:00:40:89:d6:0b
4/14/2013,17:56:52,00:13:a2:00:40:89:d6:0b
4/14/2013,17:56:57,00:13:a2:00:40:89:d6:0b
4/14/2013,17:56:57,00:13:a2:00:40:89:d6:0b
4/14/2013,17:56:57,00:13:a2:00:40:89:d6:0b
4/14/2013,17:56:58,00:13:a2:00:40:89:d6:0b
4/14/2013,17:56:58,00:13:a2:00:40:89:d6:0b
4/14/2013,17:57:0,00:13:a2:00:40:89:d6:0b
4/14/2013,17:57:1,00:13:a2:00:40:89:d6:0b
4/14/2013,17:57:3,00:13:a2:00:40:89:d6:0b
4/14/2013,17:57:4,00:13:a2:00:40:89:d6:0b
4/14/2013,17:57:5,00:13:a2:00:40:89:d6:0b
4/14/2013,17:57:9,00:13:a2:00:40:89:d6:0b
4/14/2013,17:57:13,00:13:a2:00:40:89:d6:0b
4/14/2013,17:57:13,00:13:a2:00:40:89:d6:0b
4/14/2013,17:57:14,00:13:a2:00:40:89:d6:0b
4/14/2013,17:57:16,00:13:a2:00:40:89:d6:0b
4/14/2013,17:57:16,00:13:a2:00:40:89:d6:0b
4/14/2013,17:57:18,00:13:a2:00:40:89:d6:0b
4/14/2013,17:57:19,00:13:a2:00:40:89:d6:0b
4/14/2013,17:57:21,00:13:a2:00:40:89:d6:0b
4/14/2013,17:57:21,00:13:a2:00:40:89:d6:0b
4/14/2013,17:57:22,00:13:a2:00:40:89:d6:0b
4/14/2013,17:57:26,00:13:a2:00:40:89:d6:0b
4/14/2013,17:57:28,00:13:a2:00:40:89:d6:0b
4/14/2013,17:57:29,00:13:a2:00:40:89:d6:0b
4/14/2013,17:57:30,00:13:a2:00:40:89:d6:0b
4/14/2013,17:57:30,00:13:a2:00:40:89:d6:0b
4/14/2013,17:57:31,00:13:a2:00:40:89:d6:0b
4/14/2013,17:57:32,00:13:a2:00:40:89:d6:0b
4/14/2013,17:57:32,00:13:a2:00:40:89:d6:0b
4/14/2013,17:57:32,00:13:a2:00:40:89:d6:0b
4/14/2013,17:57:33,00:13:a2:00:40:89:d6:0b
4/14/2013,17:57:33,00:13:a2:00:40:89:d6:0b
4/14/2013,17:57:34,00:13:a2:00:40:89:d6:0b
4/14/2013,17:57:35,00:13:a2:00:40:89:d6:0b
4/14/2013,17:57:35,00:13:a2:00:40:89:d6:0b
4/14/2013,17:57:37,00:13:a2:00:40:89:d6:0b
4/14/2013,17:57:37,00:13:a2:00:40:89:d6:0b
4/14/2013,17:57:37,00:13:a2:00:40:89:d6:0b
4/14/2013,17:57:38,00:13:a2:00:40:89:d6:0b
4/14/2013,17:57:40,00:13:a2:00:40:89:d6:0b
4/14/2013,17:57:41,00:13:a2:00:40:89:d6:0b
4/14/2013,17:57:42,00:13:a2:00:40:89:d6:0b
4/14/2013,17:57:43,00:13:a2:00:40:89:d6:0b
4/14/2013,17:57:44,00:13:a2:00:40:89:d6:0b
4/14/2013,17:57:44,00:13:a2:00:40:89:d6:0b
4/14/2013,17:57:45,00:13:a2:00:40:89:d6:0b
4/14/2013,17:57:45,00:13:a2:00:40:89:d6:0b
4/14/2013,17:57:46,00:13:a2:00:40:89:d6:0b
4/14/2013,17:57:47,00:13:a2:00:40:89:d6:0b
4/14/2013,17:57:47,00:13:a2:00:40:89:d6:0b
4/14/2013,17:57:47,00:13:a2:00:40:89:d6:0b
4/14/2013,17:57:47,00:13:a2:00:40:89:d6:0b
4/14/2013,17:57:49,00:13:a2:00:40:89:d6:0b
4/14/2013,17:57:49,00:13:a2:00:40:89:d6:0b
4/14/2013,17:57:56,00:13:a2:00:40:89:d6:0b
4/14/2013,17:57:56,00:13:a2:00:40:89:d6:0b
4/14/2013,17:57:57,00:13:a2:00:40:89:d6:0b
4/14/2013,17:57:57,00:13:a2:00:40:89:d6:0b
4/14/2013,17:57:57,00:13:a2:00:40:89:d6:0b
4/14/2013,17:57:58,00:13:a2:00:40:89:d6:0b
4/14/2013,17:57:59,00:13:a2:00:40:89:d6:0b
4/14/2013,17:57:59,00:13:a2:00:40:89:d6:0b
4/14/2013,17:57:59,00:13:a2:00:40:89:d6:0b
4/14/2013,17:58:1,00:13:a2:00:40:89:d6:0b
4/14/2013,17:58:1,00:13:a2:00:40:89:d6:0b
4/14/2013,17:58:1,00:13:a2:00:40:89:d6:0b
4/14/2013,17:58:2,00:13:a2:00:40:89:d6:0b
4/14/2013,17:58:11,00:13:a2:00:40:89:d6:0b
4/14/2013,17:58:19,00:13:a2:00:40:a4:d7:1d
4/14/2013,17:58:20,00:13:a2:00:40:a4:d7:1d
4/14/2013,17:58:21,00:13:a2:00:40:a4:d7:1d
4/14/2013,17:58:21,00:13:a2:00:40:89:d6:0b
4/14/2013,17:58:22,00:13:a2:00:40:a4:d7:1d
4/14/2013,17:58:23,00:13:a2:00:40:a4:d7:1d
4/14/2013,17:58:24,00:13:a2:00:40:a4:d7:1d
4/14/2013,17:58:27,00:13:a2:00:40:89:d6:0b
4/14/2013,17:58:28,00:13:a2:00:40:89:d6:0b
4/14/2013,17:58:31,00:13:a2:00:40:89:d6:0b
4/14/2013,17:58:31,00:13:a2:00:40:89:d6:0b
4/14/2013,17:58:33,00:13:a2:00:40:89:d6:0b
4/14/2013,17:58:34,00:13:a2:00:40:89:d6:0b
4/14/2013,17:58:34,00:13:a2:00:40:89:d6:0b
4/14/2013,17:58:35,00:13:a2:00:40:89:d6:0b
4/14/2013,17:58:35,00:13:a2:00:40:89:d6:0b
4/14/2013,17:58:36,00:13:a2:00:40:89:d6:0b
4/14/2013,17:58:37,00:13:a2:00:40:89:d6:0b
4/14/2013,17:58:37,00:13:a2:00:40:89:d6:0b
4/14/2013,17:58:38,00:13:a2:00:40:89:d6:0b
4/14/2013,17:58:40,00:13:a2:00:40:89:d6:0b
4/14/2013,17:58:40,00:13:a2:00:40:89:d6:0b
4/14/2013,17:58:41,00:13:a2:00:40:89:d6:0b
4/14/2013,17:58:42,00:13:a2:00:40:89:d6:0b
4/14/2013,17:58:43,00:13:a2:00:40:89:d6:0b
4/14/2013,17:58:43,00:13:a2:00:40:89:d6:0b
4/14/2013,17:58:44,00:13:a2:00:40:89:d6:0b
4/14/2013,17:58:44,00:13:a2:00:40:89:d6:0b
4/14/2013,17:58:45,00:13:a2:00:40:89:d6:0b
4/14/2013,17:58:47,00:13:a2:00:40:89:d6:0b
4/14/2013,17:58:47,00:13:a2:00:40:89:d6:0b
4/14/2013,17:58:48,00:13:a2:00:40:89:d6:0b
4/14/2013,17:58:49,00:13:a2:00:40:89:d6:0b
4/14/2013,17:58:49,00:13:a2:00:40:89:d6:0b
4/14/2013,17:58:50,00:13:a2:00:40:89:d6:0b
4/14/2013,17:58:50,00:13:a2:00:40:89:d6:0b
4/14/2013,17:58:51,00:13:a2:00:40:89:d6:0b
4/14/2013,17:58:51,00:13:a2:00:40:89:d6:0b
4/14/2013,17:58:52,00:13:a2:00:40:89:d6:0b
4/14/2013,17:58:52,00:13:a2:00:40:89:d6:0b
4/14/2013,17:58:53,00:13:a2:00:40:89:d6:0b
4/14/2013,17:58:53,00:13:a2:00:40:89:d6:0b
4/14/2013,17:58:55,00:13:a2:00:40:89:d6:0b
4/14/2013,17:58:55,00:13:a2:00:40:89:d6:0b
4/14/2013,17:58:56,00:13:a2:00:40:89:d6:0b
4/14/2013,17:58:57,00:13:a2:00:40:89:d6:0b
4/14/2013,17:58:57,00:13:a2:00:40:89:d6:0b
4/14/2013,17:58:59,00:13:a2:00:40:89:d6:0b
4/14/2013,17:58:59,00:13:a2:00:40:89:d6:0b
4/14/2013,17:59:0,00:13:a2:00:40:89:d6:0b
4/14/2013,17:59:0,00:13:a2:00:40:89:d6:0b
4/14/2013,17:59:1,00:13:a2:00:40:89:d6:0b
4/14/2013,17:59:2,00:13:a2:00:40:89:d6:0b
4/14/2013,17:59:3,00:13:a2:00:40:89:d6:0b
4/14/2013,17:59:4,00:13:a2:00:40:89:d6:0b
4/14/2013,17:59:5,00:13:a2:00:40:89:d6:0b
4/14/2013,17:59:5,00:13:a2:00:40:89:d6:0b
4/14/2013,17:59:5,00:13:a2:00:40:89:d6:0b
4/14/2013,17:59:11,00:13:a2:00:40:a4:d7:1d
4/14/2013,17:59:11,00:13:a2:00:40:89:d6:0b
4/14/2013,17:59:12,00:13:a2:00:40:89:d6:0b
4/14/2013,17:59:12,00:13:a2:00:40:89:d6:0b
4/14/2013,18:0:1,00:13:a2:00:40:89:d6:0b
4/14/2013,18:0:1,00:13:a2:00:40:89:d6:0b
4/14/2013,18:0:2,00:13:a2:00:40:89:d6:0b
4/14/2013,18:0:10,00:13:a2:00:40:89:d6:0b
4/14/2013,18:0:12,00:13:a2:00:40:89:d6:0b
4/14/2013,18:0:20,00:13:a2:00:40:89:d6:0b
4/14/2013,18:0:21,00:13:a2:00:40:89:d6:0b
4/14/2013,18:1:3,00:13:a2:00:40:89:d6:0b
4/14/2013,18:1:4,00:13:a2:00:40:89:d6:0b
4/14/2013,18:1:9,00:13:a2:00:40:89:d6:0b
4/14/2013,18:1:9,00:13:a2:00:40:89:d6:0b
4/14/2013,18:1:12,00:13:a2:00:40:89:d6:0b
4/14/2013,18:1:12,00:13:a2:00:40:89:d6:0b
4/14/2013,18:1:13,00:13:a2:00:40:89:d6:0b
4/14/2013,18:1:14,00:13:a2:00:40:89:d6:0b
4/14/2013,18:1:15,00:13:a2:00:40:89:d6:0b
4/14/2013,18:1:21,00:13:a2:00:40:89:d6:0b
4/14/2013,18:1:23,00:13:a2:00:40:89:d6:0b
4/14/2013,18:1:24,00:13:a2:00:40:89:d6:0b
4/14/2013,18:2:10,00:13:a2:00:40:89:d6:0b
4/14/2013,18:2:10,00:13:a2:00:40:89:d6:0b
4/14/2013,18:2:11,00:13:a2:00:40:89:d6:0b
4/14/2013,18:2:12,00:13:a2:00:40:89:d6:0b
4/14/2013,18:2:31,00:13:a2:00:40:89:d6:0b
4/14/2013,18:2:58,00:13:a2:00:40:a4:d7:1d
4/14/2013,18:3:36,00:13:a2:00:40:89:d6:0b
4/14/2013,18:4:1,00:13:a2:00:40:89:d6:0b
4/14/2013,18:4:6,00:13:a2:00:40:89:d6:0b
4/14/2013,18:4:51,00:13:a2:00:40:89:d6:0b
4/14/2013,18:5:11,00:13:a2:00:40:89:d6:0b
4/14/2013,18:5:49,00:13:a2:00:40:89:d6:0b
4/14/2013,18:5:57,00:13:a2:00:40:89:d6:0b
4/14/2013,18:5:58,00:13:a2:00:40:89:d6:0b
4/14/2013,18:6:36,00:13:a2:00:40:89:d6:0b
4/14/2013,18:6:36,00:13:a2:00:40:89:d6:0b
4/14/2013,18:6:38,00:13:a2:00:40:89:d6:0b
4/14/2013,18:7:7,00:13:a2:00:40:8c:bc:00
4/14/2013,18:7:7,00:13:a2:00:40:8c:bc:00
4/14/2013,18:7:8,00:13:a2:00:40:8c:bc:00
4/14/2013,18:7:10,00:13:a2:00:40:8c:bc:00
4/14/2013,18:7:11,00:13:a2:00:40:8c:bc:00
4/14/2013,18:7:22,00:13:a2:00:40:79:c2:16
4/14/2013,18:7:23,00:13:a2:00:40:79:c2:16
4/14/2013,18:7:40,00:13:a2:00:40:89:d6:0b
4/14/2013,18:7:41,00:13:a2:00:40:89:d6:0b
4/14/2013,18:7:42,00:13:a2:00:40:89:d6:0b
4/14/2013,18:7:42,00:13:a2:00:40:89:d6:0b
4/14/2013,18:7:43,00:13:a2:00:40:89:d6:0b
4/14/2013,18:7:56,00:13:a2:00:40:a4:d7:1d
4/14/2013,18:7:56,00:13:a2:00:40:a4:d7:1d
4/14/2013,18:8:7,00:13:a2:00:40:a4:d7:1d
4/14/2013,18:8:8,00:13:a2:00:40:a4:d7:1d
4/14/2013,18:8:17,00:13:a2:00:40:a4:d7:1d
4/14/2013,18:8:20,00:13:a2:00:40:a4:d7:1d
