lat,lon,alt,date,device,os,version
40.7023124695,-73.9875335693,26.0982627869,2013-02-25 01:31:44,"iPhone4,1",6.1.1,1.1
40.7023124695,-73.9875335693,26.0982627869,2013-02-25 01:31:44,"iPhone4,1",6.1.2,1.1
40.7023124695,-73.9875335693,26.0982627869,2013-02-25 01:31:44,"iPhone4,1",6.1.3,1.1
40.7019767761,-73.9879837036,24.6624565125,2013-02-25 03:29:04,"iPhone4,1",6.1.1,1.1
40.7019767761,-73.9879837036,24.6624565125,2013-02-25 03:29:04,"iPhone4,1",6.1.2,1.1
40.7019767761,-73.9879837036,24.6624565125,2013-02-25 03:29:04,"iPhone4,1",6.1.3,1.1
40.7013015747,-73.9857177734,24.5631713867,2013-02-25 03:33:20,"iPhone4,1",6.1.1,1.1
40.7013015747,-73.9857177734,24.5631713867,2013-02-25 03:33:20,"iPhone4,1",6.1.2,1.1
40.7013015747,-73.9857177734,24.5631713867,2013-02-25 03:33:20,"iPhone4,1",6.1.3,1.1
40.7050895691,-73.9927368164,18.6698989868,2013-02-25 03:46:08,"iPhone4,1",6.1.1,1.1
40.7050895691,-73.9927368164,18.6698989868,2013-02-25 03:46:08,"iPhone4,1",6.1.2,1.1
40.7050895691,-73.9927368164,18.6698989868,2013-02-25 03:46:08,"iPhone4,1",6.1.3,1.1
40.7097587585,-73.9860992432,20.3356800079,2013-02-25 03:52:32,"iPhone4,1",6.1.1,1.1
40.7097587585,-73.9860992432,20.3356800079,2013-02-25 03:52:32,"iPhone4,1",6.1.2,1.1
40.7097587585,-73.9860992432,20.3356800079,2013-02-25 03:52:32,"iPhone4,1",6.1.3,1.1
40.70520401,-73.9915008545,19.759979248,2013-02-25 03:58:56,"iPhone4,1",6.1.1,1.1
40.70520401,-73.9915008545,19.759979248,2013-02-25 03:58:56,"iPhone4,1",6.1.2,1.1
40.70520401,-73.9915008545,19.759979248,2013-02-25 03:58:56,"iPhone4,1",6.1.3,1.1
40.7014770508,-73.9878845215,29.8064517975,2013-02-25 12:05:20,"iPhone4,1",6.1.1,1.1
40.7014770508,-73.9878845215,29.8064517975,2013-02-25 12:05:20,"iPhone4,1",6.1.2,1.1
40.7014770508,-73.9878845215,29.8064517975,2013-02-25 12:05:20,"iPhone4,1",6.1.3,1.1
40.7085189819,-73.9577178955,21.8340435028,2013-02-25 12:11:44,"iPhone4,1",6.1.1,1.1
40.7085189819,-73.9577178955,21.8340435028,2013-02-25 12:11:44,"iPhone4,1",6.1.2,1.1
40.7085189819,-73.9577178955,21.8340435028,2013-02-25 12:11:44,"iPhone4,1",6.1.3,1.1
40.737865448,-73.902923584,29.6579437256,2013-02-25 12:16:00,"iPhone4,1",6.1.1,1.1
40.737865448,-73.902923584,29.6579437256,2013-02-25 12:16:00,"iPhone4,1",6.1.2,1.1
40.737865448,-73.902923584,29.6579437256,2013-02-25 12:16:00,"iPhone4,1",6.1.3,1.1
40.7709617615,-73.8653259277,19.4089832306,2013-02-25 12:28:48,"iPhone4,1",6.1.1,1.1
40.7709617615,-73.8653259277,19.4089832306,2013-02-25 12:28:48,"iPhone4,1",6.1.2,1.1
40.7709617615,-73.8653259277,19.4089832306,2013-02-25 12:28:48,"iPhone4,1",6.1.3,1.1
40.7735328674,-73.8808135986,17.7251586914,2013-02-25 13:39:12,"iPhone4,1",6.1.1,1.1
40.7735328674,-73.8808135986,17.7251586914,2013-02-25 13:39:12,"iPhone4,1",6.1.2,1.1
40.7735328674,-73.8808135986,17.7251586914,2013-02-25 13:39:12,"iPhone4,1",6.1.3,1.1
40.7707672119,-73.8692626953,17.7251586914,2013-02-25 13:43:28,"iPhone4,1",6.1.1,1.1
40.7707672119,-73.8692626953,17.7251586914,2013-02-25 13:43:28,"iPhone4,1",6.1.2,1.1
40.7707672119,-73.8692626953,17.7251586914,2013-02-25 13:43:28,"iPhone4,1",6.1.3,1.1
40.7781524658,-73.8507461548,4,2013-02-25 14:15:28,"iPhone4,1",6.1.1,1.1
40.7781524658,-73.8507461548,4,2013-02-25 14:15:28,"iPhone4,1",6.1.2,1.1
40.7781524658,-73.8507461548,4,2013-02-25 14:15:28,"iPhone4,1",6.1.3,1.1
40.7733650208,-73.8968276978,4,2013-02-25 15:08:48,"iPhone4,1",6.1.1,1.1
40.7733650208,-73.8968276978,4,2013-02-25 15:08:48,"iPhone4,1",6.1.2,1.1
40.7733650208,-73.8968276978,4,2013-02-25 15:08:48,"iPhone4,1",6.1.3,1.1
39.8719978333,-75.2441101074,4,2013-02-25 15:32:16,"iPhone4,1",6.1.1,1.1
39.8719978333,-75.2441101074,4,2013-02-25 15:32:16,"iPhone4,1",6.1.2,1.1
39.8719978333,-75.2441101074,4,2013-02-25 15:32:16,"iPhone4,1",6.1.3,1.1
39.8719978333,-75.2441101074,4,2013-02-25 15:40:48,"iPhone4,1",6.1.1,1.1
39.8719978333,-75.2441101074,4,2013-02-25 15:40:48,"iPhone4,1",6.1.2,1.1
39.8719978333,-75.2441101074,4,2013-02-25 15:40:48,"iPhone4,1",6.1.3,1.1
39.8719978333,-75.2441101074,39,2013-02-25 16:14:56,"iPhone4,1",6.1.1,1.1
39.8719978333,-75.2441101074,39,2013-02-25 16:14:56,"iPhone4,1",6.1.2,1.1
39.8719978333,-75.2441101074,39,2013-02-25 16:14:56,"iPhone4,1",6.1.3,1.1
39.8719978333,-75.2441101074,39,2013-02-25 16:17:04,"iPhone4,1",6.1.1,1.1
39.8719978333,-75.2441101074,39,2013-02-25 16:17:04,"iPhone4,1",6.1.2,1.1
39.8719978333,-75.2441101074,39,2013-02-25 16:17:04,"iPhone4,1",6.1.3,1.1
39.8749275208,-75.2613754272,-14,2013-02-25 16:44:48,"iPhone4,1",6.1.1,1.1
39.8749275208,-75.2613754272,-14,2013-02-25 16:44:48,"iPhone4,1",6.1.2,1.1
39.8749275208,-75.2613754272,-14,2013-02-25 16:44:48,"iPhone4,1",6.1.3,1.1
39.9822120667,-83.0012283325,232,2013-02-25 18:40:00,"iPhone4,1",6.1.1,1.1
39.9822120667,-83.0012283325,232,2013-02-25 18:40:00,"iPhone4,1",6.1.2,1.1
39.9822120667,-83.0012283325,232,2013-02-25 18:40:00,"iPhone4,1",6.1.3,1.1
39.982170105,-83.0012893677,229.070617676,2013-02-25 18:46:24,"iPhone4,1",6.1.1,1.1
39.982170105,-83.0012893677,229.070617676,2013-02-25 18:46:24,"iPhone4,1",6.1.2,1.1
39.982170105,-83.0012893677,229.070617676,2013-02-25 18:46:24,"iPhone4,1",6.1.3,1.1
39.9943962097,-83.0069351196,232,2013-02-25 19:01:20,"iPhone4,1",6.1.1,1.1
39.9943962097,-83.0069351196,232,2013-02-25 19:01:20,"iPhone4,1",6.1.2,1.1
39.9943962097,-83.0069351196,232,2013-02-25 19:01:20,"iPhone4,1",6.1.3,1.1
39.988609314,-83.001373291,231.476287842,2013-02-25 19:09:52,"iPhone4,1",6.1.1,1.1
39.988609314,-83.001373291,231.476287842,2013-02-25 19:09:52,"iPhone4,1",6.1.2,1.1
39.988609314,-83.001373291,231.476287842,2013-02-25 19:09:52,"iPhone4,1",6.1.3,1.1
39.9822998047,-83.0010604858,231.943969727,2013-02-25 19:22:40,"iPhone4,1",6.1.1,1.1
39.9822998047,-83.0010604858,231.943969727,2013-02-25 19:22:40,"iPhone4,1",6.1.2,1.1
39.9822998047,-83.0010604858,231.943969727,2013-02-25 19:22:40,"iPhone4,1",6.1.3,1.1
39.9821891785,-83.0012359619,248.723907471,2013-02-25 23:42:56,"iPhone4,1",6.1.1,1.1
39.9821891785,-83.0012359619,248.723907471,2013-02-25 23:42:56,"iPhone4,1",6.1.2,1.1
39.9821891785,-83.0012359619,248.723907471,2013-02-25 23:42:56,"iPhone4,1",6.1.3,1.1
40.0148849487,-82.9977035522,256.193634033,2013-02-26 00:00:00,"iPhone4,1",6.1.1,1.1
40.0148849487,-82.9977035522,256.193634033,2013-02-26 00:00:00,"iPhone4,1",6.1.2,1.1
40.0148849487,-82.9977035522,256.193634033,2013-02-26 00:00:00,"iPhone4,1",6.1.3,1.1
40.049407959,-83.0135726929,242.787582397,2013-02-26 00:06:24,"iPhone4,1",6.1.1,1.1
40.049407959,-83.0135726929,242.787582397,2013-02-26 00:06:24,"iPhone4,1",6.1.2,1.1
40.049407959,-83.0135726929,242.787582397,2013-02-26 00:06:24,"iPhone4,1",6.1.3,1.1
40.0485801697,-83.0204086304,237.323577881,2013-02-26 00:10:40,"iPhone4,1",6.1.1,1.1
40.048538208,-83.0204162598,244,2013-02-26 00:10:40,"iPhone4,1",6.1.1,1.1
40.0485801697,-83.0204086304,237.323577881,2013-02-26 00:10:40,"iPhone4,1",6.1.2,1.1
40.048538208,-83.0204162598,244,2013-02-26 00:10:40,"iPhone4,1",6.1.2,1.1
40.0485801697,-83.0204086304,237.323577881,2013-02-26 00:10:40,"iPhone4,1",6.1.3,1.1
40.048538208,-83.0204162598,244,2013-02-26 00:10:40,"iPhone4,1",6.1.3,1.1
40.0067024231,-83.0007247925,237,2013-02-26 00:21:20,"iPhone4,1",6.1.1,1.1
40.0067024231,-83.0007247925,237,2013-02-26 00:21:20,"iPhone4,1",6.1.2,1.1
40.0067024231,-83.0007247925,237,2013-02-26 00:21:20,"iPhone4,1",6.1.3,1.1
39.9821929932,-83.0009613037,232,2013-02-26 00:36:16,"iPhone4,1",6.1.1,1.1
39.9821929932,-83.0009613037,232,2013-02-26 00:36:16,"iPhone4,1",6.1.2,1.1
39.9821929932,-83.0009613037,232,2013-02-26 00:36:16,"iPhone4,1",6.1.3,1.1
39.9821853638,-83.0012207031,232,2013-02-26 00:38:24,"iPhone4,1",6.1.1,1.1
39.9821853638,-83.0012207031,232,2013-02-26 00:38:24,"iPhone4,1",6.1.2,1.1
39.9821853638,-83.0012207031,232,2013-02-26 00:38:24,"iPhone4,1",6.1.3,1.1
39.9821586609,-83.0013656616,203,2013-02-26 00:40:32,"iPhone4,1",6.1.1,1.1
39.9821586609,-83.0013656616,203,2013-02-26 00:40:32,"iPhone4,1",6.1.2,1.1
39.9821586609,-83.0013656616,203,2013-02-26 00:40:32,"iPhone4,1",6.1.3,1.1
39.9821853638,-83.0011138916,232.451156616,2013-02-26 01:48:48,"iPhone4,1",6.1.2,1.1
39.9821853638,-83.0011138916,232.451156616,2013-02-26 01:48:48,"iPhone4,1",6.1.3,1.1
39.9828071594,-83.0082550049,226.775634766,2013-02-26 14:13:20,"iPhone4,1",6.1.2,1.1
39.9828071594,-83.0082550049,226.775634766,2013-02-26 14:13:20,"iPhone4,1",6.1.3,1.1
39.9827957153,-83.008354187,226.41027832,2013-02-26 16:29:52,"iPhone4,1",6.1.2,1.1
39.9827613831,-83.0082244873,231,2013-02-26 16:29:52,"iPhone4,1",6.1.2,1.1
39.9827957153,-83.008354187,226.41027832,2013-02-26 16:29:52,"iPhone4,1",6.1.3,1.1
39.9827613831,-83.0082244873,231,2013-02-26 16:29:52,"iPhone4,1",6.1.3,1.1
39.9825248718,-83.0082778931,231,2013-02-26 16:32:00,"iPhone4,1",6.1.2,1.1
39.9825248718,-83.0082778931,231,2013-02-26 16:32:00,"iPhone4,1",6.1.3,1.1
39.9823722839,-83.0015945435,232,2013-02-26 16:51:12,"iPhone4,1",6.1.2,1.1
39.9823722839,-83.0015945435,232,2013-02-26 16:51:12,"iPhone4,1",6.1.3,1.1
39.9827079773,-83.0081558228,226.821426392,2013-02-26 17:01:52,"iPhone4,1",6.1.2,1.1
39.9827079773,-83.0081558228,226.821426392,2013-02-26 17:01:52,"iPhone4,1",6.1.3,1.1
39.9986953735,-83.0060806274,226.182327271,2013-02-26 22:21:52,"iPhone4,1",6.1.2,1.1
39.9986953735,-83.0060806274,226.182327271,2013-02-26 22:21:52,"iPhone4,1",6.1.3,1.1
39.9826469421,-83.0036621094,226.182327271,2013-02-26 22:32:32,"iPhone4,1",6.1.2,1.1
39.9826469421,-83.0036621094,226.182327271,2013-02-26 22:32:32,"iPhone4,1",6.1.3,1.1
39.9938278198,-83.0069732666,227.227844238,2013-02-26 22:56:00,"iPhone4,1",6.1.2,1.1
39.9938278198,-83.0069732666,227.227844238,2013-02-26 22:56:00,"iPhone4,1",6.1.3,1.1
39.9824485779,-83.007850647,228.189575195,2013-02-26 23:08:48,"iPhone4,1",6.1.2,1.1
39.9824485779,-83.007850647,228.189575195,2013-02-26 23:08:48,"iPhone4,1",6.1.3,1.1
39.9737663269,-82.9915008545,227.066513062,2013-02-26 23:55:44,"iPhone4,1",6.1.2,1.1
39.9737663269,-82.9915008545,227.066513062,2013-02-26 23:55:44,"iPhone4,1",6.1.3,1.1
39.9743156433,-82.9981765747,238.00050354,2013-02-27 02:03:44,"iPhone4,1",6.1.2,1.1
39.9743156433,-82.9981765747,238.00050354,2013-02-27 02:03:44,"iPhone4,1",6.1.3,1.1
39.9817428589,-83.0018005371,235.859741211,2013-02-27 02:10:08,"iPhone4,1",6.1.2,1.1
39.9817428589,-83.0018005371,235.859741211,2013-02-27 02:10:08,"iPhone4,1",6.1.3,1.1
39.9825019836,-83.0083465576,228.053329468,2013-02-27 13:34:56,"iPhone4,1",6.1.2,1.1
39.9825019836,-83.0083465576,228.053329468,2013-02-27 13:34:56,"iPhone4,1",6.1.3,1.1
39.9931755066,-82.9880142212,226.724960327,2013-02-27 17:33:52,"iPhone4,1",6.1.2,1.1
39.9931755066,-82.9880142212,226.724960327,2013-02-27 17:33:52,"iPhone4,1",6.1.3,1.1
39.9824104309,-83.0082244873,224.766998291,2013-02-27 17:48:48,"iPhone4,1",6.1.2,1.1
39.9824104309,-83.0082244873,224.766998291,2013-02-27 17:48:48,"iPhone4,1",6.1.3,1.1
39.9827957153,-83.0032653809,226.153778076,2013-02-27 20:30:56,"iPhone4,1",6.1.2,1.1
39.9827957153,-83.0032653809,226.153778076,2013-02-27 20:30:56,"iPhone4,1",6.1.3,1.1
39.9820365906,-83.0016860962,232,2013-02-28 01:23:12,"iPhone4,1",6.1.2,1.1
39.9820365906,-83.0016860962,232,2013-02-28 01:23:12,"iPhone4,1",6.1.3,1.1
39.9832000732,-83.0030975342,233.191055298,2013-02-28 12:16:00,"iPhone4,1",6.1.2,1.1
39.9822425842,-83.001121521,232.881530762,2013-02-28 12:16:00,"iPhone4,1",6.1.2,1.1
39.9832000732,-83.0030975342,233.191055298,2013-02-28 12:16:00,"iPhone4,1",6.1.3,1.1
39.9822425842,-83.001121521,232.881530762,2013-02-28 12:16:00,"iPhone4,1",6.1.3,1.1
39.9827804565,-83.0085220337,226.469055176,2013-02-28 13:22:08,"iPhone4,1",6.1.2,1.1
39.9827804565,-83.0085220337,226.469055176,2013-02-28 13:22:08,"iPhone4,1",6.1.3,1.1
39.9824981689,-83.002166748,232,2013-02-28 16:53:20,"iPhone4,1",6.1.2,1.1
39.9824981689,-83.002166748,232,2013-02-28 16:53:20,"iPhone4,1",6.1.3,1.1
39.9827804565,-83.0085372925,226.639938354,2013-02-28 17:08:16,"iPhone4,1",6.1.2,1.1
39.9827804565,-83.0085372925,226.639938354,2013-02-28 17:08:16,"iPhone4,1",6.1.3,1.1
39.9856910706,-83.0358428955,226.177490234,2013-02-28 17:27:28,"iPhone4,1",6.1.2,1.1
39.9856910706,-83.0358428955,226.177490234,2013-02-28 17:27:28,"iPhone4,1",6.1.3,1.1
39.9831848145,-83.0033035278,226.524841309,2013-02-28 17:38:08,"iPhone4,1",6.1.2,1.1
39.9831848145,-83.0033035278,226.524841309,2013-02-28 17:38:08,"iPhone4,1",6.1.3,1.1
39.9766235352,-83.0027618408,232,2013-02-28 17:53:04,"iPhone4,1",6.1.2,1.1
39.9766235352,-83.0027618408,232,2013-02-28 17:53:04,"iPhone4,1",6.1.3,1.1
39.9826164246,-83.0079650879,226.926925659,2013-02-28 18:05:52,"iPhone4,1",6.1.2,1.1
39.9826164246,-83.0079650879,226.926925659,2013-02-28 18:05:52,"iPhone4,1",6.1.3,1.1
39.974319458,-83.0028610229,227.559341431,2013-02-28 22:24:00,"iPhone4,1",6.1.2,1.1
39.974319458,-83.0028610229,227.559341431,2013-02-28 22:24:00,"iPhone4,1",6.1.3,1.1
39.9794273376,-82.9981536865,236.211456299,2013-02-28 23:04:32,"iPhone4,1",6.1.2,1.1
39.9794273376,-82.9981536865,236.211456299,2013-02-28 23:04:32,"iPhone4,1",6.1.3,1.1
39.9754180908,-83.0010757446,236,2013-02-28 23:13:04,"iPhone4,1",6.1.2,1.1
39.9754180908,-83.0010757446,236,2013-02-28 23:13:04,"iPhone4,1",6.1.3,1.1
39.9544448853,-82.979347229,231,2013-02-28 23:17:20,"iPhone4,1",6.1.2,1.1
39.9544448853,-82.979347229,231,2013-02-28 23:17:20,"iPhone4,1",6.1.3,1.1
39.9204826355,-82.9207839966,227,2013-02-28 23:21:36,"iPhone4,1",6.1.2,1.1
39.9204826355,-82.9207839966,227,2013-02-28 23:21:36,"iPhone4,1",6.1.3,1.1
39.8680343628,-82.8518218994,218,2013-02-28 23:28:00,"iPhone4,1",6.1.2,1.1
39.8680343628,-82.8518218994,218,2013-02-28 23:28:00,"iPhone4,1",6.1.3,1.1
39.8383026123,-82.7604980469,234,2013-02-28 23:32:16,"iPhone4,1",6.1.2,1.1
39.8383026123,-82.7604980469,234,2013-02-28 23:32:16,"iPhone4,1",6.1.3,1.1
39.8004150391,-82.709197998,244,2013-02-28 23:38:40,"iPhone4,1",6.1.2,1.1
39.8004150391,-82.709197998,244,2013-02-28 23:38:40,"iPhone4,1",6.1.3,1.1
39.7847824097,-82.6916503906,236,2013-02-28 23:45:04,"iPhone4,1",6.1.2,1.1
39.7847824097,-82.6916503906,236,2013-02-28 23:45:04,"iPhone4,1",6.1.3,1.1
39.7056465149,-82.6700668335,262,2013-02-28 23:49:20,"iPhone4,1",6.1.2,1.1
39.7056465149,-82.6700668335,262,2013-02-28 23:49:20,"iPhone4,1",6.1.3,1.1
39.6674919128,-82.5875473022,270,2013-02-28 23:53:36,"iPhone4,1",6.1.2,1.1
39.6674919128,-82.5875473022,270,2013-02-28 23:53:36,"iPhone4,1",6.1.3,1.1
39.6029663086,-82.5483551025,228,2013-03-01 00:00:00,"iPhone4,1",6.1.2,1.1
39.6029663086,-82.5483551025,228,2013-03-01 00:00:00,"iPhone4,1",6.1.3,1.1
39.5581970215,-82.4880752563,247,2013-03-01 00:04:16,"iPhone4,1",6.1.2,1.1
39.5581970215,-82.4880752563,247,2013-03-01 00:04:16,"iPhone4,1",6.1.3,1.1
39.5319519043,-82.3960189819,219,2013-03-01 00:08:32,"iPhone4,1",6.1.2,1.1
39.5319519043,-82.3960189819,219,2013-03-01 00:08:32,"iPhone4,1",6.1.3,1.1
39.4820518494,-82.3180007935,217,2013-03-01 00:14:56,"iPhone4,1",6.1.2,1.1
39.4820518494,-82.3180007935,217,2013-03-01 00:14:56,"iPhone4,1",6.1.3,1.1
39.4615478516,-82.2406921387,205.277557373,2013-03-01 00:19:12,"iPhone4,1",6.1.2,1.1
39.4615478516,-82.2406921387,205.277557373,2013-03-01 00:19:12,"iPhone4,1",6.1.3,1.1
39.4052009583,-82.1706924438,207.719268799,2013-03-01 00:32:00,"iPhone4,1",6.1.2,1.1
39.4052009583,-82.1706924438,207.719268799,2013-03-01 00:32:00,"iPhone4,1",6.1.3,1.1
39.3218536377,-82.104309082,193.368545532,2013-03-01 00:40:32,"iPhone4,1",6.1.2,1.1
39.3218536377,-82.104309082,193.368545532,2013-03-01 00:40:32,"iPhone4,1",6.1.3,1.1
39.3281097412,-82.0997467041,209.462615967,2013-03-01 00:51:12,"iPhone4,1",6.1.2,1.1
39.3281097412,-82.0997467041,209.462615967,2013-03-01 00:51:12,"iPhone4,1",6.1.3,1.1
39.3281669617,-82.0999069214,217.98147583,2013-03-01 02:20:48,"iPhone4,1",6.1.2,1.1
39.3281669617,-82.0999069214,217.98147583,2013-03-01 02:20:48,"iPhone4,1",6.1.3,1.1
39.3843803406,-82.1357116699,213.132247925,2013-03-01 03:37:36,"iPhone4,1",6.1.2,1.1
39.3843803406,-82.1357116699,213.132247925,2013-03-01 03:37:36,"iPhone4,1",6.1.3,1.1
39.982170105,-83.001449585,230,2013-03-01 05:11:28,"iPhone4,1",6.1.2,1.1
39.982170105,-83.001449585,230,2013-03-01 05:11:28,"iPhone4,1",6.1.3,1.1
39.9832000732,-83.0030975342,243.791259766,2013-03-01 13:02:56,"iPhone4,1",6.1.2,1.1
39.9832000732,-83.0030975342,243.791259766,2013-03-01 13:02:56,"iPhone4,1",6.1.3,1.1
39.9819793701,-83.0011825562,234.622924805,2013-03-01 13:02:56,"iPhone4,1",6.1.3,1.1
39.9768447876,-83.0029373169,235.85458374,2013-03-01 13:39:12,"iPhone4,1",6.1.2,1.1
39.9768447876,-83.0029373169,235.85458374,2013-03-01 13:39:12,"iPhone4,1",6.1.3,1.1
39.9812812805,-83.0042419434,232,2013-03-01 14:11:12,"iPhone4,1",6.1.2,1.1
39.9812812805,-83.0042419434,232,2013-03-01 14:11:12,"iPhone4,1",6.1.3,1.1
39.9865036011,-83.0054321289,232,2013-03-01 18:44:16,"iPhone4,1",6.1.2,1.1
39.9865036011,-83.0054321289,232,2013-03-01 18:44:16,"iPhone4,1",6.1.3,1.1
39.9993782043,-83.0059432983,232.093505859,2013-03-01 20:24:32,"iPhone4,1",6.1.2,1.1
39.9993782043,-83.0059432983,232.093505859,2013-03-01 20:24:32,"iPhone4,1",6.1.3,1.1
39.9886016846,-83.0059356689,231.973770142,2013-03-01 20:28:48,"iPhone4,1",6.1.2,1.1
39.9886016846,-83.0059356689,231.973770142,2013-03-01 20:28:48,"iPhone4,1",6.1.3,1.1
39.9840507507,-83.0048751831,232,2013-03-01 22:34:40,"iPhone4,1",6.1.2,1.1
39.9840507507,-83.0048751831,232,2013-03-01 22:34:40,"iPhone4,1",6.1.3,1.1
39.9821739197,-83.0014266968,237,2013-03-01 23:08:48,"iPhone4,1",6.1.2,1.1
39.9821739197,-83.0014266968,237,2013-03-01 23:08:48,"iPhone4,1",6.1.3,1.1
39.9821586609,-83.001159668,232.672088623,2013-03-01 23:25:52,"iPhone4,1",6.1.2,1.1
39.9821586609,-83.001159668,232.672088623,2013-03-01 23:25:52,"iPhone4,1",6.1.3,1.1
39.9902458191,-82.9994735718,240.572769165,2013-03-02 16:27:44,"iPhone4,1",6.1.2,1.1
39.9902458191,-82.9994735718,240.572769165,2013-03-02 16:27:44,"iPhone4,1",6.1.3,1.1
39.9947090149,-83.0067825317,233.233306885,2013-03-02 16:38:24,"iPhone4,1",6.1.2,1.1
39.9947090149,-83.0067825317,233.233306885,2013-03-02 16:38:24,"iPhone4,1",6.1.3,1.1
39.9876480103,-83.0055770874,233.383361816,2013-03-02 16:59:44,"iPhone4,1",6.1.2,1.1
39.9876480103,-83.0055770874,233.383361816,2013-03-02 16:59:44,"iPhone4,1",6.1.3,1.1
39.9822425842,-83.0010070801,233.031982422,2013-03-02 17:04:00,"iPhone4,1",6.1.2,1.1
39.9822425842,-83.0010070801,233.031982422,2013-03-02 17:04:00,"iPhone4,1",6.1.3,1.1
39.9825706482,-83.0081634521,226.819046021,2013-03-02 17:10:24,"iPhone4,1",6.1.2,1.1
39.9825706482,-83.0081634521,226.819046021,2013-03-02 17:10:24,"iPhone4,1",6.1.3,1.1
39.9817085266,-83.001373291,232.768630981,2013-03-02 22:13:20,"iPhone4,1",6.1.2,1.1
39.9817085266,-83.001373291,232.768630981,2013-03-02 22:13:20,"iPhone4,1",6.1.3,1.1
39.9837875366,-82.958656311,232.722000122,2013-03-02 23:13:04,"iPhone4,1",6.1.2,1.1
39.9837875366,-82.958656311,232.722000122,2013-03-02 23:13:04,"iPhone4,1",6.1.3,1.1
40.0487098694,-82.9165115356,237.985824585,2013-03-02 23:23:44,"iPhone4,1",6.1.2,1.1
40.0487098694,-82.9165115356,237.985824585,2013-03-02 23:23:44,"iPhone4,1",6.1.3,1.1
40.0526733398,-82.91355896,250.880081177,2013-03-02 23:34:24,"iPhone4,1",6.1.2,1.1
40.0526733398,-82.91355896,250.880081177,2013-03-02 23:34:24,"iPhone4,1",6.1.3,1.1
40.0004005432,-82.9315795898,258,2013-03-03 00:53:20,"iPhone4,1",6.1.2,1.1
40.0004005432,-82.9315795898,258,2013-03-03 00:53:20,"iPhone4,1",6.1.3,1.1
39.9826087952,-83.0002746582,255.196090698,2013-03-03 00:59:44,"iPhone4,1",6.1.2,1.1
39.9826087952,-83.0002746582,255.196090698,2013-03-03 00:59:44,"iPhone4,1",6.1.3,1.1
39.982131958,-83.0012435913,238,2013-03-03 01:25:20,"iPhone4,1",6.1.2,1.1
39.982131958,-83.0012435913,238,2013-03-03 01:25:20,"iPhone4,1",6.1.3,1.1
39.9776382446,-83.0036239624,231.988815308,2013-03-03 15:02:24,"iPhone4,1",6.1.2,1.1
39.9776382446,-83.0036239624,231.988815308,2013-03-03 15:02:24,"iPhone4,1",6.1.3,1.1
39.9662399292,-83.0012130737,238.623016357,2013-03-03 15:08:48,"iPhone4,1",6.1.2,1.1
39.9662399292,-83.0012130737,238.623016357,2013-03-03 15:08:48,"iPhone4,1",6.1.3,1.1
39.9823913574,-83.0027999878,229.501647949,2013-03-03 15:19:28,"iPhone4,1",6.1.2,1.1
39.9823913574,-83.0027999878,229.501647949,2013-03-03 15:19:28,"iPhone4,1",6.1.3,1.1
39.9689826965,-83.001159668,232.31149292,2013-03-03 17:12:32,"iPhone4,1",6.1.2,1.1
39.9689826965,-83.001159668,232.31149292,2013-03-03 17:12:32,"iPhone4,1",6.1.3,1.1
39.9823417664,-83.0030059814,233.419052124,2013-03-03 17:42:24,"iPhone4,1",6.1.2,1.1
39.9823417664,-83.0030059814,233.419052124,2013-03-03 17:42:24,"iPhone4,1",6.1.3,1.1
39.9632644653,-82.9958572388,232.438613892,2013-03-03 23:38:40,"iPhone4,1",6.1.2,1.1
39.9632644653,-82.9958572388,232.438613892,2013-03-03 23:38:40,"iPhone4,1",6.1.3,1.1
39.9574699402,-82.995223999,234.366363525,2013-03-03 23:47:12,"iPhone4,1",6.1.2,1.1
39.9574699402,-82.995223999,234.366363525,2013-03-03 23:47:12,"iPhone4,1",6.1.3,1.1
39.9865531921,-83.0016098022,236.783035278,2013-03-04 00:23:28,"iPhone4,1",6.1.2,1.1
39.9865531921,-83.0016098022,236.783035278,2013-03-04 00:23:28,"iPhone4,1",6.1.3,1.1
39.9819374084,-83.0014572144,232.465164185,2013-03-04 01:08:16,"iPhone4,1",6.1.2,1.1
39.9819374084,-83.0014572144,232.465164185,2013-03-04 01:08:16,"iPhone4,1",6.1.3,1.1
39.9831237793,-83.0073165894,228.881454468,2013-03-04 14:43:12,"iPhone4,1",6.1.2,1.1
39.9831237793,-83.0073165894,228.881454468,2013-03-04 14:43:12,"iPhone4,1",6.1.3,1.1
39.9839630127,-83.0334625244,224,2013-03-04 18:27:12,"iPhone4,1",6.1.2,1.1
39.9839630127,-83.0334625244,224,2013-03-04 18:27:12,"iPhone4,1",6.1.3,1.1
39.9827461243,-83.0083770752,223,2013-03-04 18:48:32,"iPhone4,1",6.1.2,1.1
39.9827461243,-83.0083770752,223,2013-03-04 18:48:32,"iPhone4,1",6.1.3,1.1
39.9808349609,-83.0029525757,230.317123413,2013-03-04 23:38:40,"iPhone4,1",6.1.2,1.1
39.9808349609,-83.0029525757,230.317123413,2013-03-04 23:38:40,"iPhone4,1",6.1.3,1.1
39.9828491211,-83.0085220337,226.843215942,2013-03-05 14:26:08,"iPhone4,1",6.1.2,1.1
39.9828491211,-83.0085220337,226.843215942,2013-03-05 14:26:08,"iPhone4,1",6.1.3,1.1
39.9985160828,-83.0057220459,226.151184082,2013-03-05 18:18:40,"iPhone4,1",6.1.2,1.1
39.9985160828,-83.0057220459,226.151184082,2013-03-05 18:18:40,"iPhone4,1",6.1.3,1.1
39.9829673767,-83.0089111328,225,2013-03-05 18:31:28,"iPhone4,1",6.1.2,1.1
39.9829673767,-83.0089111328,225,2013-03-05 18:31:28,"iPhone4,1",6.1.3,1.1
39.9967651367,-83.0045700073,226.890335083,2013-03-05 20:37:20,"iPhone4,1",6.1.2,1.1
39.9967651367,-83.0045700073,226.890335083,2013-03-05 20:37:20,"iPhone4,1",6.1.3,1.1
39.9830856323,-83.0066070557,223,2013-03-05 20:58:40,"iPhone4,1",6.1.2,1.1
39.9830856323,-83.0066070557,223,2013-03-05 20:58:40,"iPhone4,1",6.1.3,1.1
39.9741592407,-82.9981460571,241,2013-03-05 23:55:44,"iPhone4,1",6.1.2,1.1
39.9741592407,-82.9981460571,241,2013-03-05 23:55:44,"iPhone4,1",6.1.3,1.1
39.9829978943,-83.0047988892,229.829772949,2013-03-06 02:16:32,"iPhone4,1",6.1.2,1.1
39.9829978943,-83.0047988892,229.829772949,2013-03-06 02:16:32,"iPhone4,1",6.1.3,1.1
39.9792366028,-83.0088348389,226.81262207,2013-03-06 16:59:44,"iPhone4,1",6.1.2,1.1
39.9792366028,-83.0088348389,226.81262207,2013-03-06 16:59:44,"iPhone4,1",6.1.3,1.1
39.9926223755,-83.0146408081,231.096511841,2013-03-06 17:10:24,"iPhone4,1",6.1.2,1.1
39.9926223755,-83.0146408081,231.096511841,2013-03-06 17:10:24,"iPhone4,1",6.1.3,1.1
39.9933280945,-83.0063247681,234.731216431,2013-03-06 17:16:48,"iPhone4,1",6.1.2,1.1
39.9933280945,-83.0063247681,234.731216431,2013-03-06 17:16:48,"iPhone4,1",6.1.3,1.1
39.9833984375,-83.0070495605,229.698455811,2013-03-06 17:25:20,"iPhone4,1",6.1.2,1.1
39.9833984375,-83.0070495605,229.698455811,2013-03-06 17:25:20,"iPhone4,1",6.1.3,1.1
39.977230072,-83.0048217773,232,2013-03-06 22:47:28,"iPhone4,1",6.1.2,1.1
39.977230072,-83.0048217773,232,2013-03-06 22:47:28,"iPhone4,1",6.1.3,1.1
39.9726867676,-83.004119873,229.881713867,2013-03-06 23:17:20,"iPhone4,1",6.1.2,1.1
39.9726867676,-83.004119873,229.881713867,2013-03-06 23:17:20,"iPhone4,1",6.1.3,1.1
39.9800796509,-83.0042724609,231.261199951,2013-03-07 03:44:00,"iPhone4,1",6.1.2,1.1
39.9800796509,-83.0042724609,231.261199951,2013-03-07 03:44:00,"iPhone4,1",6.1.3,1.1
39.983253479,-83.0092773438,227.852615356,2013-03-07 14:47:28,"iPhone4,1",6.1.2,1.1
39.983253479,-83.0092773438,227.852615356,2013-03-07 14:47:28,"iPhone4,1",6.1.3,1.1
39.9867286682,-83.0265350342,229.029312134,2013-03-07 15:04:32,"iPhone4,1",6.1.2,1.1
39.9867286682,-83.0265350342,229.029312134,2013-03-07 15:04:32,"iPhone4,1",6.1.3,1.1
39.98279953,-83.0083465576,226.562545776,2013-03-07 15:17:20,"iPhone4,1",6.1.2,1.1
39.98279953,-83.0083465576,226.562545776,2013-03-07 15:17:20,"iPhone4,1",6.1.3,1.1
39.9837722778,-83.0141677856,227.449981689,2013-03-07 21:47:44,"iPhone4,1",6.1.2,1.1
39.9837722778,-83.0141677856,227.449981689,2013-03-07 21:47:44,"iPhone4,1",6.1.3,1.1
39.985710144,-83.0447921753,232,2013-03-07 21:52:00,"iPhone4,1",6.1.2,1.1
39.985710144,-83.0447921753,232,2013-03-07 21:52:00,"iPhone4,1",6.1.3,1.1
39.9904327393,-83.0262374878,232,2013-03-07 21:58:24,"iPhone4,1",6.1.2,1.1
39.9904327393,-83.0262374878,232,2013-03-07 21:58:24,"iPhone4,1",6.1.3,1.1
40.062915802,-83.0377655029,227.002288818,2013-03-07 22:09:04,"iPhone4,1",6.1.2,1.1
40.062915802,-83.0377655029,227.002288818,2013-03-07 22:09:04,"iPhone4,1",6.1.3,1.1
40.0501937866,-83.02394104,237.160644531,2013-03-07 22:43:12,"iPhone4,1",6.1.2,1.1
40.0501937866,-83.02394104,237.160644531,2013-03-07 22:43:12,"iPhone4,1",6.1.3,1.1
39.990814209,-83.0260314941,232,2013-03-07 22:47:28,"iPhone4,1",6.1.2,1.1
39.990814209,-83.0260314941,232,2013-03-07 22:47:28,"iPhone4,1",6.1.3,1.1
39.9887695312,-83.0432815552,232,2013-03-07 22:53:52,"iPhone4,1",6.1.2,1.1
39.9887695312,-83.0432815552,232,2013-03-07 22:53:52,"iPhone4,1",6.1.3,1.1
39.9743270874,-83.0272369385,232,2013-03-07 22:58:08,"iPhone4,1",6.1.2,1.1
39.9743270874,-83.0272369385,232,2013-03-07 22:58:08,"iPhone4,1",6.1.3,1.1
39.9644126892,-83.0047531128,232,2013-03-07 23:04:32,"iPhone4,1",6.1.2,1.1
39.9644126892,-83.0047531128,232,2013-03-07 23:04:32,"iPhone4,1",6.1.3,1.1
39.9642791748,-82.9830856323,240.250717163,2013-03-07 23:10:56,"iPhone4,1",6.1.2,1.1
39.9642791748,-82.9830856323,240.250717163,2013-03-07 23:10:56,"iPhone4,1",6.1.3,1.1
39.9631843567,-82.9917984009,241,2013-03-07 23:47:12,"iPhone4,1",6.1.2,1.1
39.9631843567,-82.9917984009,241,2013-03-07 23:47:12,"iPhone4,1",6.1.3,1.1
39.9808731079,-83.0005340576,236.965545654,2013-03-07 23:51:28,"iPhone4,1",6.1.2,1.1
39.9808731079,-83.0005340576,236.965545654,2013-03-07 23:51:28,"iPhone4,1",6.1.3,1.1
39.9825935364,-83.0060806274,231.12878418,2013-03-08 14:41:04,"iPhone4,1",6.1.2,1.1
39.9825935364,-83.0060806274,231.12878418,2013-03-08 14:41:04,"iPhone4,1",6.1.3,1.1
39.9853668213,-82.9994659424,241,2013-03-09 00:42:40,"iPhone4,1",6.1.2,1.1
39.9853668213,-82.9994659424,241,2013-03-09 00:42:40,"iPhone4,1",6.1.3,1.1
39.9942703247,-83.0067062378,232,2013-03-09 00:53:20,"iPhone4,1",6.1.2,1.1
39.9942703247,-83.0067062378,232,2013-03-09 00:53:20,"iPhone4,1",6.1.3,1.1
39.988899231,-83.0018539429,234.569885254,2013-03-09 01:50:56,"iPhone4,1",6.1.2,1.1
39.988899231,-83.0018539429,234.569885254,2013-03-09 01:50:56,"iPhone4,1",6.1.3,1.1
39.9821357727,-83.0013504028,232.501251221,2013-03-09 02:03:44,"iPhone4,1",6.1.2,1.1
39.9821357727,-83.0013504028,232.501251221,2013-03-09 02:03:44,"iPhone4,1",6.1.3,1.1
40.0069351196,-83.0549621582,233.983032227,2013-03-09 18:27:12,"iPhone4,1",6.1.2,1.1
40.0069351196,-83.0549621582,233.983032227,2013-03-09 18:27:12,"iPhone4,1",6.1.3,1.1
40.0065422058,-83.0473709106,245.497436523,2013-03-09 19:18:24,"iPhone4,1",6.1.2,1.1
40.0065422058,-83.0473709106,245.497436523,2013-03-09 19:18:24,"iPhone4,1",6.1.3,1.1
39.9930419922,-83.0267868042,236.999893188,2013-03-09 19:52:32,"iPhone4,1",6.1.2,1.1
39.9930419922,-83.0267868042,236.999893188,2013-03-09 19:52:32,"iPhone4,1",6.1.3,1.1
39.9821929932,-83.0015716553,232.25579834,2013-03-09 19:58:56,"iPhone4,1",6.1.2,1.1
39.9821929932,-83.0015716553,232.25579834,2013-03-09 19:58:56,"iPhone4,1",6.1.3,1.1
39.982421875,-83.0010299683,233.252304077,2013-03-09 20:56:32,"iPhone4,1",6.1.2,1.1
39.982421875,-83.0010299683,233.252304077,2013-03-09 20:56:32,"iPhone4,1",6.1.3,1.1
39.9839363098,-83.0183563232,232.713577271,2013-03-09 21:24:16,"iPhone4,1",6.1.2,1.1
39.9839363098,-83.0183563232,232.713577271,2013-03-09 21:24:16,"iPhone4,1",6.1.3,1.1
40.1482543945,-82.9777450562,275.228973389,2013-03-09 21:54:08,"iPhone4,1",6.1.2,1.1
40.1482543945,-82.9777450562,275.228973389,2013-03-09 21:54:08,"iPhone4,1",6.1.3,1.1
40.1395874023,-82.9715881348,277.76159668,2013-03-09 22:02:40,"iPhone4,1",6.1.2,1.1
40.1395874023,-82.9715881348,277.76159668,2013-03-09 22:02:40,"iPhone4,1",6.1.3,1.1
39.9754638672,-83.005065918,278.855072021,2013-03-09 22:13:20,"iPhone4,1",6.1.2,1.1
39.9754638672,-83.005065918,278.855072021,2013-03-09 22:13:20,"iPhone4,1",6.1.3,1.1
39.9596786499,-82.9999008179,242.288116455,2013-03-09 22:24:00,"iPhone4,1",6.1.2,1.1
39.9596786499,-82.9999008179,242.288116455,2013-03-09 22:24:00,"iPhone4,1",6.1.3,1.1
39.9650230408,-82.9966201782,241,2013-03-09 23:51:28,"iPhone4,1",6.1.2,1.1
39.9650230408,-82.9966201782,241,2013-03-09 23:51:28,"iPhone4,1",6.1.3,1.1
39.9821777344,-83.0016098022,232.343460083,2013-03-09 23:55:44,"iPhone4,1",6.1.2,1.1
39.9821777344,-83.0016098022,232.343460083,2013-03-09 23:55:44,"iPhone4,1",6.1.3,1.1
39.9822463989,-83.0010223389,233.067047119,2013-03-10 07:25:52,"iPhone4,1",6.1.2,1.1
39.9822463989,-83.0010223389,233.067047119,2013-03-10 07:25:52,"iPhone4,1",6.1.3,1.1
39.9855117798,-83.0051651001,232.952316284,2013-03-10 16:27:44,"iPhone4,1",6.1.2,1.1
39.9855117798,-83.0051651001,232.952316284,2013-03-10 16:27:44,"iPhone4,1",6.1.3,1.1
39.9907531738,-83.0259780884,223.853515625,2013-03-10 16:34:08,"iPhone4,1",6.1.2,1.1
39.9907531738,-83.0259780884,223.853515625,2013-03-10 16:34:08,"iPhone4,1",6.1.3,1.1
39.9940986633,-83.0055999756,237.084701538,2013-03-10 16:44:48,"iPhone4,1",6.1.2,1.1
39.9940986633,-83.0055999756,237.084701538,2013-03-10 16:44:48,"iPhone4,1",6.1.3,1.1
39.983039856,-83.0046310425,233.410446167,2013-03-10 16:59:44,"iPhone4,1",6.1.2,1.1
39.983039856,-83.0046310425,233.410446167,2013-03-10 16:59:44,"iPhone4,1",6.1.3,1.1
39.9916496277,-83.0239105225,233.107345581,2013-03-10 18:42:08,"iPhone4,1",6.1.2,1.1
39.9916496277,-83.0239105225,233.107345581,2013-03-10 18:42:08,"iPhone4,1",6.1.3,1.1
39.9885177612,-83.0300445557,242.949462891,2013-03-10 18:54:56,"iPhone4,1",6.1.2,1.1
39.9885177612,-83.0300445557,242.949462891,2013-03-10 18:54:56,"iPhone4,1",6.1.3,1.1
39.9875984192,-83.0131759644,232,2013-03-10 19:03:28,"iPhone4,1",6.1.2,1.1
39.9875984192,-83.0131759644,232,2013-03-10 19:03:28,"iPhone4,1",6.1.3,1.1
39.98204422,-83.0012283325,232.201156616,2013-03-10 19:12:00,"iPhone4,1",6.1.2,1.1
39.98204422,-83.0012283325,232.201156616,2013-03-10 19:12:00,"iPhone4,1",6.1.3,1.1
39.9865036011,-83.0054779053,231.784225464,2013-03-10 21:43:28,"iPhone4,1",6.1.2,1.1
39.9865036011,-83.0054779053,231.784225464,2013-03-10 21:43:28,"iPhone4,1",6.1.3,1.1
40.0637664795,-83.0607299805,264.63671875,2013-03-10 21:56:16,"iPhone4,1",6.1.2,1.1
40.0637664795,-83.0607299805,264.63671875,2013-03-10 21:56:16,"iPhone4,1",6.1.3,1.1
40.0728492737,-83.0928649902,270,2013-03-10 22:00:32,"iPhone4,1",6.1.2,1.1
40.0728492737,-83.0928649902,270,2013-03-10 22:00:32,"iPhone4,1",6.1.3,1.1
40.0856895447,-83.0886611938,270,2013-03-10 22:11:12,"iPhone4,1",6.1.2,1.1
40.0856895447,-83.0886611938,270,2013-03-10 22:11:12,"iPhone4,1",6.1.3,1.1
40.0652732849,-83.0924911499,270,2013-03-10 22:43:12,"iPhone4,1",6.1.2,1.1
40.0652732849,-83.0924911499,270,2013-03-10 22:43:12,"iPhone4,1",6.1.3,1.1
40.0542182922,-83.067817688,264.988311768,2013-03-10 22:49:36,"iPhone4,1",6.1.2,1.1
40.0542182922,-83.067817688,264.988311768,2013-03-10 22:49:36,"iPhone4,1",6.1.3,1.1
40.0249061584,-83.0576171875,256.061676025,2013-03-10 22:53:52,"iPhone4,1",6.1.2,1.1
40.0249061584,-83.0576171875,256.061676025,2013-03-10 22:53:52,"iPhone4,1",6.1.3,1.1
40.0201950073,-83.0584182739,257.050994873,2013-03-10 23:04:32,"iPhone4,1",6.1.2,1.1
40.0201950073,-83.0584182739,257.050994873,2013-03-10 23:04:32,"iPhone4,1",6.1.3,1.1
40.029384613,-83.0538101196,258.78326416,2013-03-10 23:32:16,"iPhone4,1",6.1.2,1.1
40.029384613,-83.0538101196,258.78326416,2013-03-10 23:32:16,"iPhone4,1",6.1.3,1.1
40.0317382812,-83.0158462524,237,2013-03-10 23:36:32,"iPhone4,1",6.1.2,1.1
40.0317382812,-83.0158462524,237,2013-03-10 23:36:32,"iPhone4,1",6.1.3,1.1
40.0125312805,-83.0109481812,296,2013-03-11 00:21:20,"iPhone4,1",6.1.2,1.1
40.0125312805,-83.0109481812,296,2013-03-11 00:21:20,"iPhone4,1",6.1.3,1.1
39.9821739197,-83.0014877319,194.926605225,2013-03-11 00:34:08,"iPhone4,1",6.1.2,1.1
39.9821739197,-83.0014877319,194.926605225,2013-03-11 00:34:08,"iPhone4,1",6.1.3,1.1
39.9828147888,-83.0083999634,226.662567139,2013-03-11 14:53:52,"iPhone4,1",6.1.2,1.1
39.9828147888,-83.0083999634,226.662567139,2013-03-11 14:53:52,"iPhone4,1",6.1.3,1.1
39.9811172485,-83.0023345947,231.004852295,2013-03-11 21:05:04,"iPhone4,1",6.1.2,1.1
39.9811172485,-83.0023345947,231.004852295,2013-03-11 21:05:04,"iPhone4,1",6.1.3,1.1
39.9825401306,-83.0083084106,227.678756714,2013-03-12 13:00:48,"iPhone4,1",6.1.2,1.1
39.9825401306,-83.0083084106,227.678756714,2013-03-12 13:00:48,"iPhone4,1",6.1.3,1.1
39.9916381836,-83.0065460205,232,2013-03-12 22:09:04,"iPhone4,1",6.1.2,1.1
39.9916381836,-83.0065460205,232,2013-03-12 22:09:04,"iPhone4,1",6.1.3,1.1
39.9827423096,-83.0045700073,232,2013-03-12 22:17:36,"iPhone4,1",6.1.2,1.1
39.9827423096,-83.0045700073,232,2013-03-12 22:17:36,"iPhone4,1",6.1.3,1.1
39.9747123718,-82.9982070923,229.675415039,2013-03-12 22:56:00,"iPhone4,1",6.1.2,1.1
39.9747123718,-82.9982070923,229.675415039,2013-03-12 22:56:00,"iPhone4,1",6.1.3,1.1
39.9953193665,-83.0071563721,238.527694702,2013-03-13 01:10:24,"iPhone4,1",6.1.2,1.1
39.9953193665,-83.0071563721,238.527694702,2013-03-13 01:10:24,"iPhone4,1",6.1.3,1.1
39.9947052002,-83.0012817383,232,2013-03-13 01:21:04,"iPhone4,1",6.1.2,1.1
39.9947052002,-83.0012817383,232,2013-03-13 01:21:04,"iPhone4,1",6.1.3,1.1
39.9867553711,-83.0053939819,232.857055664,2013-03-13 01:25:20,"iPhone4,1",6.1.2,1.1
39.9867553711,-83.0053939819,232.857055664,2013-03-13 01:25:20,"iPhone4,1",6.1.3,1.1
39.9822540283,-83.0010681152,232.617645264,2013-03-13 01:31:44,"iPhone4,1",6.1.2,1.1
39.9822540283,-83.0010681152,232.617645264,2013-03-13 01:31:44,"iPhone4,1",6.1.3,1.1
39.9825553894,-83.0070800781,228.823120117,2013-03-13 13:07:12,"iPhone4,1",6.1.2,1.1
39.9825553894,-83.0070800781,228.823120117,2013-03-13 13:07:12,"iPhone4,1",6.1.3,1.1
39.97838974,-83.0038604736,231.603530884,2013-03-13 16:23:28,"iPhone4,1",6.1.2,1.1
39.97838974,-83.0038604736,231.603530884,2013-03-13 16:23:28,"iPhone4,1",6.1.3,1.1
39.9827957153,-83.0083465576,226.656219482,2013-03-13 16:44:48,"iPhone4,1",6.1.2,1.1
39.9827957153,-83.0083465576,226.656219482,2013-03-13 16:44:48,"iPhone4,1",6.1.3,1.1
39.9824066162,-83.0025024414,231.9243927,2013-03-13 21:13:36,"iPhone4,1",6.1.2,1.1
39.9824066162,-83.0025024414,231.9243927,2013-03-13 21:13:36,"iPhone4,1",6.1.3,1.1
39.9871902466,-83.0057296753,230.889770508,2013-03-13 21:20:00,"iPhone4,1",6.1.2,1.1
39.9871902466,-83.0057296753,230.889770508,2013-03-13 21:20:00,"iPhone4,1",6.1.3,1.1
39.9827156067,-83.0082855225,227.346420288,2013-03-13 21:24:16,"iPhone4,1",6.1.2,1.1
39.9827156067,-83.0082855225,227.346420288,2013-03-13 21:24:16,"iPhone4,1",6.1.3,1.1
39.9820404053,-83.0012741089,232.134140015,2013-03-13 21:34:56,"iPhone4,1",6.1.2,1.1
39.9820404053,-83.0012741089,232.134140015,2013-03-13 21:34:56,"iPhone4,1",6.1.3,1.1
39.9824371338,-83.0077209473,228.311355591,2013-03-14 13:28:32,"iPhone4,1",6.1.2,1.1
39.9824371338,-83.0077209473,228.311355591,2013-03-14 13:28:32,"iPhone4,1",6.1.3,1.1
39.9779815674,-83.0090179443,222,2013-03-14 16:29:52,"iPhone4,1",6.1.2,1.1
39.9779815674,-83.0090179443,222,2013-03-14 16:29:52,"iPhone4,1",6.1.3,1.1
39.9685096741,-83.008682251,222.066467285,2013-03-14 16:36:16,"iPhone4,1",6.1.2,1.1
39.9685096741,-83.008682251,222.066467285,2013-03-14 16:36:16,"iPhone4,1",6.1.3,1.1
39.9831695557,-83.0049667358,230.541778564,2013-03-14 17:31:44,"iPhone4,1",6.1.2,1.1
39.9831695557,-83.0049667358,230.541778564,2013-03-14 17:31:44,"iPhone4,1",6.1.3,1.1
39.9842796326,-83.0227508545,231.178726196,2013-03-14 17:42:24,"iPhone4,1",6.1.2,1.1
39.9842796326,-83.0227508545,231.178726196,2013-03-14 17:42:24,"iPhone4,1",6.1.3,1.1
39.9827957153,-83.0083465576,226.667297363,2013-03-14 17:46:40,"iPhone4,1",6.1.2,1.1
39.9827957153,-83.0083465576,226.667297363,2013-03-14 17:46:40,"iPhone4,1",6.1.3,1.1
39.9821586609,-83.0017547607,229.069107056,2013-03-14 21:20:00,"iPhone4,1",6.1.2,1.1
39.9821586609,-83.0017547607,229.069107056,2013-03-14 21:20:00,"iPhone4,1",6.1.3,1.1
39.9851760864,-83.0361480713,230.990737915,2013-03-15 03:31:12,"iPhone4,1",6.1.2,1.1
39.9851760864,-83.0361480713,230.990737915,2013-03-15 03:31:12,"iPhone4,1",6.1.3,1.1
39.9799156189,-83.0041427612,231.007507324,2013-03-15 03:39:44,"iPhone4,1",6.1.2,1.1
39.9799156189,-83.0041427612,231.007507324,2013-03-15 03:39:44,"iPhone4,1",6.1.3,1.1
39.9822502136,-82.9989013672,236.218017578,2013-03-15 15:42:56,"iPhone4,1",6.1.2,1.1
39.9822502136,-82.9989013672,236.218017578,2013-03-15 15:42:56,"iPhone4,1",6.1.3,1.1
39.9941253662,-83.0070037842,245.638641357,2013-03-15 15:49:20,"iPhone4,1",6.1.2,1.1
39.9941253662,-83.0070037842,245.638641357,2013-03-15 15:49:20,"iPhone4,1",6.1.3,1.1
39.9882926941,-83.0059814453,232,2013-03-15 15:55:44,"iPhone4,1",6.1.2,1.1
39.9882926941,-83.0059814453,232,2013-03-15 15:55:44,"iPhone4,1",6.1.3,1.1
39.9821472168,-83.0011138916,232.120651245,2013-03-15 16:04:16,"iPhone4,1",6.1.2,1.1
39.9821472168,-83.0011138916,232.120651245,2013-03-15 16:04:16,"iPhone4,1",6.1.3,1.1
39.9836540222,-83.0186767578,232.549560547,2013-03-15 20:16:00,"iPhone4,1",6.1.2,1.1
39.9836540222,-83.0186767578,232.549560547,2013-03-15 20:16:00,"iPhone4,1",6.1.3,1.1
40.0633811951,-83.0316696167,232.107589722,2013-03-15 20:24:32,"iPhone4,1",6.1.2,1.1
40.0633811951,-83.0316696167,232.107589722,2013-03-15 20:24:32,"iPhone4,1",6.1.3,1.1
40.061050415,-83.040435791,241.129959106,2013-03-15 20:39:28,"iPhone4,1",6.1.2,1.1
40.061050415,-83.040435791,241.129959106,2013-03-15 20:39:28,"iPhone4,1",6.1.3,1.1
40.0587234497,-83.0578918457,238.548278809,2013-03-15 20:54:24,"iPhone4,1",6.1.2,1.1
40.0587234497,-83.0578918457,238.548278809,2013-03-15 20:54:24,"iPhone4,1",6.1.3,1.1
40.0666999817,-83.0882644653,269.482330322,2013-03-15 21:05:04,"iPhone4,1",6.1.2,1.1
40.0666999817,-83.0882644653,269.482330322,2013-03-15 21:05:04,"iPhone4,1",6.1.3,1.1
40.0672035217,-83.0727767944,269.996704102,2013-03-15 21:20:00,"iPhone4,1",6.1.2,1.1
40.0672035217,-83.0727767944,269.996704102,2013-03-15 21:20:00,"iPhone4,1",6.1.3,1.1
39.9945907593,-83.0263595581,263.125244141,2013-03-15 21:30:40,"iPhone4,1",6.1.2,1.1
39.9945907593,-83.0263595581,263.125244141,2013-03-15 21:30:40,"iPhone4,1",6.1.3,1.1
39.9774436951,-83.0113296509,215.249511719,2013-03-15 21:37:04,"iPhone4,1",6.1.2,1.1
39.9774436951,-83.0113296509,215.249511719,2013-03-15 21:37:04,"iPhone4,1",6.1.3,1.1
39.9844741821,-83.0225448608,231.036209106,2013-03-15 21:49:52,"iPhone4,1",6.1.2,1.1
39.9844741821,-83.0225448608,231.036209106,2013-03-15 21:49:52,"iPhone4,1",6.1.3,1.1
39.9883079529,-83.026008606,228.348098755,2013-03-15 21:54:08,"iPhone4,1",6.1.2,1.1
39.9883079529,-83.026008606,228.348098755,2013-03-15 21:54:08,"iPhone4,1",6.1.3,1.1
39.9831085205,-83.0048446655,229.36315918,2013-03-15 22:02:40,"iPhone4,1",6.1.2,1.1
39.9831085205,-83.0048446655,229.36315918,2013-03-15 22:02:40,"iPhone4,1",6.1.3,1.1
39.9872703552,-83.0082015991,232.019012451,2013-03-15 23:38:40,"iPhone4,1",6.1.2,1.1
39.9872703552,-83.0082015991,232.019012451,2013-03-15 23:38:40,"iPhone4,1",6.1.3,1.1
40.004863739,-83.0262832642,231.64616394,2013-03-15 23:45:04,"iPhone4,1",6.1.2,1.1
40.004863739,-83.0262832642,231.64616394,2013-03-15 23:45:04,"iPhone4,1",6.1.3,1.1
40.0067405701,-83.0522460938,249.679855347,2013-03-15 23:51:28,"iPhone4,1",6.1.2,1.1
40.0067405701,-83.0522460938,249.679855347,2013-03-15 23:51:28,"iPhone4,1",6.1.3,1.1
39.9925727844,-83.0265731812,252.545013428,2013-03-16 00:25:36,"iPhone4,1",6.1.2,1.1
39.9925727844,-83.0265731812,252.545013428,2013-03-16 00:25:36,"iPhone4,1",6.1.3,1.1
39.9972343445,-83.0281677246,235.902938843,2013-03-16 01:04:00,"iPhone4,1",6.1.2,1.1
39.9972343445,-83.0281677246,235.902938843,2013-03-16 01:04:00,"iPhone4,1",6.1.3,1.1
39.9905052185,-83.0170211792,232,2013-03-16 02:25:04,"iPhone4,1",6.1.2,1.1
39.9905052185,-83.0170211792,232,2013-03-16 02:25:04,"iPhone4,1",6.1.3,1.1
39.9817199707,-83.0022506714,232,2013-03-16 02:31:28,"iPhone4,1",6.1.2,1.1
39.9817199707,-83.0022506714,232,2013-03-16 02:31:28,"iPhone4,1",6.1.3,1.1
39.9821014404,-83.0012512207,239,2013-03-16 06:58:08,"iPhone4,1",6.1.2,1.1
39.9821929932,-83.0011672974,262,2013-03-16 06:58:08,"iPhone4,1",6.1.2,1.1
39.9821014404,-83.0012512207,239,2013-03-16 06:58:08,"iPhone4,1",6.1.3,1.1
39.9821090698,-83.0012664795,239,2013-03-16 06:58:08,"iPhone4,1",6.1.3,1.1
39.9821929932,-83.0011672974,262,2013-03-16 06:58:08,"iPhone4,1",6.1.3,1.1
39.9868812561,-83.0054702759,232.240783691,2013-03-16 18:03:44,"iPhone4,1",6.1.2,1.1
39.9868812561,-83.0054702759,232.240783691,2013-03-16 18:03:44,"iPhone4,1",6.1.3,1.1
39.9883155823,-83.0323944092,232,2013-03-16 18:12:16,"iPhone4,1",6.1.2,1.1
39.9883155823,-83.0323944092,232,2013-03-16 18:12:16,"iPhone4,1",6.1.3,1.1
39.983757019,-83.0048522949,225.458404541,2013-03-16 18:18:40,"iPhone4,1",6.1.2,1.1
39.983757019,-83.0048522949,225.458404541,2013-03-16 18:18:40,"iPhone4,1",6.1.3,1.1
39.9822235107,-82.9990615845,238.956924438,2013-03-16 18:44:16,"iPhone4,1",6.1.2,1.1
39.9822235107,-82.9990615845,238.956924438,2013-03-16 18:44:16,"iPhone4,1",6.1.3,1.1
39.9998474121,-82.9986724854,240.869018555,2013-03-16 19:14:08,"iPhone4,1",6.1.2,1.1
39.9998474121,-82.9986724854,240.869018555,2013-03-16 19:14:08,"iPhone4,1",6.1.3,1.1
40.0087966919,-82.9919662476,252.051101685,2013-03-16 21:17:52,"iPhone4,1",6.1.2,1.1
40.0087966919,-82.9919662476,252.051101685,2013-03-16 21:17:52,"iPhone4,1",6.1.3,1.1
40.0026779175,-82.9918212891,248.347579956,2013-03-16 23:47:12,"iPhone4,1",6.1.2,1.1
40.0026779175,-82.9918212891,248.347579956,2013-03-16 23:47:12,"iPhone4,1",6.1.3,1.1
40.0010452271,-82.9986877441,244.05090332,2013-03-16 23:53:36,"iPhone4,1",6.1.2,1.1
40.0010452271,-82.9986877441,244.05090332,2013-03-16 23:53:36,"iPhone4,1",6.1.3,1.1
39.9946289062,-83.0057678223,242.649337769,2013-03-17 00:02:08,"iPhone4,1",6.1.2,1.1
39.9946289062,-83.0057678223,242.649337769,2013-03-17 00:02:08,"iPhone4,1",6.1.3,1.1
39.9874153137,-83.0196075439,241.649398804,2013-03-17 01:40:16,"iPhone4,1",6.1.2,1.1
39.9874153137,-83.0196075439,241.649398804,2013-03-17 01:40:16,"iPhone4,1",6.1.3,1.1
39.9808959961,-83.0045089722,231.18182373,2013-03-17 01:55:12,"iPhone4,1",6.1.2,1.1
39.9808959961,-83.0045089722,231.18182373,2013-03-17 01:55:12,"iPhone4,1",6.1.3,1.1
39.9829559326,-82.9987030029,237.048248291,2013-03-17 02:57:04,"iPhone4,1",6.1.2,1.1
39.9829559326,-82.9987030029,237.048248291,2013-03-17 02:57:04,"iPhone4,1",6.1.3,1.1
39.9807815552,-83.0039520264,230.4634552,2013-03-17 22:13:20,"iPhone4,1",6.1.2,1.1
39.9807815552,-83.0039520264,230.4634552,2013-03-17 22:13:20,"iPhone4,1",6.1.3,1.1
39.9895477295,-83.005607605,230.948196411,2013-03-18 00:23:28,"iPhone4,1",6.1.2,1.1
39.9895477295,-83.005607605,230.948196411,2013-03-18 00:23:28,"iPhone4,1",6.1.3,1.1
39.9821281433,-83.0012741089,232.296951294,2013-03-18 00:32:00,"iPhone4,1",6.1.2,1.1
39.9821281433,-83.0012741089,232.296951294,2013-03-18 00:32:00,"iPhone4,1",6.1.3,1.1
39.9827613831,-83.0082931519,227.597091675,2013-03-18 13:49:52,"iPhone4,1",6.1.2,1.1
39.9827613831,-83.0082931519,227.597091675,2013-03-18 13:49:52,"iPhone4,1",6.1.3,1.1
39.9808731079,-83.0023880005,230.572982788,2013-03-18 23:13:04,"iPhone4,1",6.1.2,1.1
39.9808731079,-83.0023880005,230.572982788,2013-03-18 23:13:04,"iPhone4,1",6.1.3,1.1
39.9826469421,-83.0032424927,228.000030518,2013-03-19 02:59:12,"iPhone4,1",6.1.2,1.1
39.9826469421,-83.0032424927,228.000030518,2013-03-19 02:59:12,"iPhone4,1",6.1.3,1.1
39.9822006226,-83.0015029907,228.324569702,2013-03-19 02:59:12,"iPhone4,1",6.1.3,1.1
39.9749069214,-83.0105133057,231.78414917,2013-03-19 11:33:20,"iPhone4,1",6.1.2,1.1
39.9749069214,-83.0105133057,231.78414917,2013-03-19 11:33:20,"iPhone4,1",6.1.3,1.1
39.9835510254,-83.007484436,227.67565918,2013-03-19 11:39:44,"iPhone4,1",6.1.2,1.1
39.9835510254,-83.007484436,227.67565918,2013-03-19 11:39:44,"iPhone4,1",6.1.3,1.1
39.9821166992,-83.0016479492,232.479660034,2013-03-19 13:30:40,"iPhone4,1",6.1.2,1.1
39.9821166992,-83.0016479492,232.479660034,2013-03-19 13:30:40,"iPhone4,1",6.1.3,1.1
39.9869422913,-83.0054779053,232.333496094,2013-03-19 15:04:32,"iPhone4,1",6.1.2,1.1
39.9869422913,-83.0054779053,232.333496094,2013-03-19 15:04:32,"iPhone4,1",6.1.3,1.1
39.9825935364,-83.0035552979,230.898300171,2013-03-19 15:19:28,"iPhone4,1",6.1.2,1.1
39.9825935364,-83.0035552979,230.898300171,2013-03-19 15:19:28,"iPhone4,1",6.1.3,1.1
39.9853439331,-82.9866943359,232.084030151,2013-03-20 00:59:44,"iPhone4,1",6.1.2,1.1
39.9853439331,-82.9866943359,232.084030151,2013-03-20 00:59:44,"iPhone4,1",6.1.3,1.1
39.9822540283,-83.0013809204,229.12979126,2013-03-20 01:12:32,"iPhone4,1",6.1.2,1.1
39.9822540283,-83.0013809204,229.12979126,2013-03-20 01:12:32,"iPhone4,1",6.1.3,1.1
39.9827690125,-83.0076446533,228.881958008,2013-03-20 12:20:16,"iPhone4,1",6.1.2,1.1
39.9827690125,-83.0076446533,228.881958008,2013-03-20 12:20:16,"iPhone4,1",6.1.3,1.1
39.9877548218,-83.027885437,223.000457764,2013-03-20 12:26:40,"iPhone4,1",6.1.2,1.1
39.9877548218,-83.027885437,223.000457764,2013-03-20 12:26:40,"iPhone4,1",6.1.3,1.1
39.9871826172,-83.0057220459,232,2013-03-20 12:30:56,"iPhone4,1",6.1.2,1.1
39.9871826172,-83.0057220459,232,2013-03-20 12:30:56,"iPhone4,1",6.1.3,1.1
39.9827728271,-83.0082855225,228.541870117,2013-03-20 12:37:20,"iPhone4,1",6.1.2,1.1
39.9827728271,-83.0082855225,228.541870117,2013-03-20 12:37:20,"iPhone4,1",6.1.3,1.1
39.9944152832,-83.0069046021,232,2013-03-20 21:17:52,"iPhone4,1",6.1.2,1.1
39.9944152832,-83.0069046021,232,2013-03-20 21:17:52,"iPhone4,1",6.1.3,1.1
39.991519928,-83.0016937256,232,2013-03-20 21:26:24,"iPhone4,1",6.1.3,1.1
39.9828147888,-83.00831604,226.712112427,2013-03-20 21:30:40,"iPhone4,1",6.1.3,1.1
39.9808654785,-83.0030288696,230.264724731,2013-03-21 01:12:32,"iPhone4,1",6.1.3,1.1
39.9821815491,-83.0013656616,235,2013-03-21 13:13:36,"iPhone4,1",6.1.3,1.1
39.9828186035,-83.0083007812,227.06111145,2013-03-21 17:50:56,"iPhone4,1",6.1.3,1.1
39.9677429199,-83.0019073486,230.995056152,2013-03-21 21:43:28,"iPhone4,1",6.1.3,1.1
39.956577301,-82.9898834229,241,2013-03-21 21:49:52,"iPhone4,1",6.1.3,1.1
39.9614868164,-82.981803894,239.189483643,2013-03-21 21:58:24,"iPhone4,1",6.1.3,1.1
39.963596344,-82.9890975952,241.037780762,2013-03-21 22:26:08,"iPhone4,1",6.1.3,1.1
39.9807090759,-83.0003051758,237.703582764,2013-03-21 22:30:24,"iPhone4,1",6.1.3,1.1
39.9827690125,-83.0082626343,227.212036133,2013-03-21 22:36:48,"iPhone4,1",6.1.3,1.1
39.9821243286,-83.0016403198,232.921585083,2013-03-21 22:45:20,"iPhone4,1",6.1.3,1.1
39.9967689514,-83.0038757324,237.515106201,2013-03-22 00:00:00,"iPhone4,1",6.1.3,1.1
39.9903297424,-83.0018615723,236.245849609,2013-03-22 00:38:24,"iPhone4,1",6.1.3,1.1
39.9821815491,-83.0014724731,231.535095215,2013-03-22 00:46:56,"iPhone4,1",6.1.3,1.1
39.9824371338,-83.008026123,227.999282837,2013-03-22 13:41:20,"iPhone4,1",6.1.3,1.1
39.9821281433,-83.0012741089,227.998275757,2013-03-22 19:54:40,"iPhone4,1",6.1.3,1.1
39.9886932373,-83.0047988892,232,2013-03-22 20:03:12,"iPhone4,1",6.1.3,1.1
39.983959198,-83.0048599243,232.03616333,2013-03-22 22:19:44,"iPhone4,1",6.1.3,1.1
39.9742164612,-82.990524292,230.745376587,2013-03-23 00:42:40,"iPhone4,1",6.1.3,1.1
39.9799804688,-83.0041503906,230.694335938,2013-03-23 00:46:56,"iPhone4,1",6.1.3,1.1
39.9841270447,-83.0297775269,230.830581665,2013-03-23 01:16:48,"iPhone4,1",6.1.3,1.1
39.9799804688,-83.00415802,230.775375366,2013-03-23 01:21:04,"iPhone4,1",6.1.3,1.1
39.976524353,-83.0003051758,243,2013-03-23 13:22:08,"iPhone4,1",6.1.3,1.1
39.4147377014,-84.1238021851,220.340423584,2013-03-23 14:26:08,"iPhone4,1",6.1.3,1.1
39.3711967468,-84.2492980957,217.932952881,2013-03-23 14:41:04,"iPhone4,1",6.1.3,1.1
39.1469116211,-84.6826629639,253.328063965,2013-03-23 15:17:20,"iPhone4,1",6.1.3,1.1
39.1545448303,-84.6817092896,263.687652588,2013-03-23 16:19:12,"iPhone4,1",6.1.3,1.1
39.1782913208,-84.6667404175,244.180267334,2013-03-23 16:25:36,"iPhone4,1",6.1.3,1.1
39.1608123779,-84.559387207,226,2013-03-23 16:34:08,"iPhone4,1",6.1.3,1.1
39.0997428894,-84.5117416382,157.181777954,2013-03-23 16:44:48,"iPhone4,1",6.1.3,1.1
39.1157531738,-84.4378051758,152.427093506,2013-03-23 16:55:28,"iPhone4,1",6.1.3,1.1
39.1130409241,-84.4778442383,161.808441162,2013-03-23 17:31:44,"iPhone4,1",6.1.3,1.1
39.129863739,-84.5330276489,220,2013-03-23 17:36:00,"iPhone4,1",6.1.3,1.1
39.1865272522,-84.6031417847,274.808349609,2013-03-23 17:42:24,"iPhone4,1",6.1.3,1.1
39.2002220154,-84.563911438,261.968322754,2013-03-23 17:50:56,"iPhone4,1",6.1.3,1.1
39.1870117188,-84.5478286743,235.183639526,2013-03-23 17:55:12,"iPhone4,1",6.1.3,1.1
39.1821327209,-84.5445022583,239.205123901,2013-03-23 18:29:20,"iPhone4,1",6.1.3,1.1
39.1517448425,-84.5356063843,168.918914795,2013-03-23 18:33:36,"iPhone4,1",6.1.3,1.1
39.1247138977,-84.5210342407,205.925186157,2013-03-23 18:42:08,"iPhone4,1",6.1.3,1.1
39.1069793701,-84.5157699585,182,2013-03-23 18:46:24,"iPhone4,1",6.1.3,1.1
39.1014900208,-84.5126190186,210.200897217,2013-03-23 18:52:48,"iPhone4,1",6.1.3,1.1
39.1063079834,-84.5109786987,218.98046875,2013-03-23 20:50:08,"iPhone4,1",6.1.3,1.1
39.1185874939,-84.517539978,217.537033081,2013-03-23 20:56:32,"iPhone4,1",6.1.3,1.1
39.1436347961,-84.5192489624,220,2013-03-23 21:00:48,"iPhone4,1",6.1.3,1.1
39.1410560608,-84.5242156982,209.419647217,2013-03-23 21:30:40,"iPhone4,1",6.1.3,1.1
39.1413497925,-84.5891189575,268.987579346,2013-03-23 21:41:20,"iPhone4,1",6.1.3,1.1
39.1363296509,-84.6046600342,267.940673828,2013-03-23 21:45:36,"iPhone4,1",6.1.3,1.1
39.1170349121,-84.5998764038,274.389068604,2013-03-23 21:58:24,"iPhone4,1",6.1.3,1.1
39.11561203,-84.5932617188,269.017578125,2013-03-23 23:15:12,"iPhone4,1",6.1.3,1.1
39.1223526001,-84.5650253296,193,2013-03-23 23:19:28,"iPhone4,1",6.1.3,1.1
39.133972168,-84.5324401855,167,2013-03-23 23:25:52,"iPhone4,1",6.1.3,1.1
39.1875801086,-84.6023483276,198.009384155,2013-03-23 23:30:08,"iPhone4,1",6.1.3,1.1
39.1905212402,-84.5943069458,268.531433105,2013-03-23 23:38:40,"iPhone4,1",6.1.3,1.1
39.1888999939,-84.5864486694,265,2013-03-23 23:47:12,"iPhone4,1",6.1.3,1.1
39.1906852722,-84.5957946777,265,2013-03-24 02:50:40,"iPhone4,1",6.1.3,1.1
39.1604690552,-84.5522842407,281.97366333,2013-03-24 02:59:12,"iPhone4,1",6.1.3,1.1
39.1183929443,-84.4989318848,169.331268311,2013-03-24 03:05:36,"iPhone4,1",6.1.3,1.1
39.1929969788,-84.385559082,214.013366699,2013-03-24 03:14:08,"iPhone4,1",6.1.3,1.1
39.3471374512,-84.2730255127,230.574188232,2013-03-24 03:39:44,"iPhone4,1",6.1.3,1.1
39.4579582214,-83.9946060181,284,2013-03-24 04:13:52,"iPhone4,1",6.1.3,1.1
39.8676223755,-83.0576858521,282.970947266,2013-03-24 04:28:48,"iPhone4,1",6.1.3,1.1
39.9597816467,-82.9954910278,235.716064453,2013-03-24 04:37:20,"iPhone4,1",6.1.3,1.1
39.9820137024,-83.0025177002,232.388977051,2013-03-24 04:41:36,"iPhone4,1",6.1.3,1.1
39.9912071228,-82.9994277954,235.991714478,2013-03-24 15:38:40,"iPhone4,1",6.1.3,1.1
40.0148200989,-83.0113754272,240.297668457,2013-03-24 15:45:04,"iPhone4,1",6.1.3,1.1
40.0058059692,-83.0091781616,233.571884155,2013-03-24 15:55:44,"iPhone4,1",6.1.3,1.1
39.9992179871,-83.0078277588,233.998809814,2013-03-24 16:08:32,"iPhone4,1",6.1.3,1.1
39.9940834045,-83.0062637329,241.254226685,2013-03-24 16:14:56,"iPhone4,1",6.1.3,1.1
39.9821014404,-83.0012664795,232.4896698,2013-03-24 16:21:20,"iPhone4,1",6.1.3,1.1
40.0027503967,-83.0291137695,233.736618042,2013-03-24 17:44:32,"iPhone4,1",6.1.3,1.1
40.1152038574,-82.9940414429,233.736618042,2013-03-24 17:59:28,"iPhone4,1",6.1.3,1.1
40.0713920593,-83.0398101807,242.970840454,2013-03-24 18:12:16,"iPhone4,1",6.1.3,1.1
40.0610656738,-83.0404052734,237.401306152,2013-03-24 18:16:32,"iPhone4,1",6.1.3,1.1
40.008190155,-83.0312347412,237.191833496,2013-03-24 18:42:08,"iPhone4,1",6.1.3,1.1
39.9883613586,-83.0260238647,221.000350952,2013-03-24 18:48:32,"iPhone4,1",6.1.3,1.1
39.9808616638,-83.0040740967,230.504608154,2013-03-24 18:52:48,"iPhone4,1",6.1.3,1.1
39.9763679504,-83.0034408569,223,2013-03-25 11:18:24,"iPhone4,1",6.1.3,1.1
39.9634590149,-82.991065979,231,2013-03-25 11:24:48,"iPhone4,1",6.1.3,1.1
39.9592666626,-82.9871139526,240.9972229,2013-03-25 11:39:44,"iPhone4,1",6.1.3,1.1
39.9814414978,-83.0027999878,232.223648071,2013-03-25 12:43:44,"iPhone4,1",6.1.3,1.1
39.9973907471,-83.0062026978,225,2013-03-25 19:39:44,"iPhone4,1",6.1.3,1.1
39.982875824,-83.0083084106,226.808273315,2013-03-25 19:52:32,"iPhone4,1",6.1.3,1.1
39.9975013733,-83.005607605,227.30329895,2013-03-25 21:11:28,"iPhone4,1",6.1.3,1.1
39.9827690125,-83.0080032349,109.09539032,2013-03-25 21:24:16,"iPhone4,1",6.1.3,1.1
39.9847259521,-83.0350189209,228.981292725,2013-03-25 22:06:56,"iPhone4,1",6.1.3,1.1
39.9959831238,-83.0428390503,236.495040894,2013-03-25 22:11:12,"iPhone4,1",6.1.3,1.1
40.0065116882,-83.0523986816,252.187164307,2013-03-25 22:17:36,"iPhone4,1",6.1.3,1.1
39.9930610657,-83.0259780884,252.001449585,2013-03-25 22:41:04,"iPhone4,1",6.1.3,1.1
39.9820365906,-83.0015335083,232.158706665,2013-03-25 22:45:20,"iPhone4,1",6.1.3,1.1
39.9826927185,-83.0079421997,227.789459229,2013-03-26 12:52:16,"iPhone4,1",6.1.3,1.1
39.9822273254,-83.0020370483,232.474685669,2013-03-26 23:21:36,"iPhone4,1",6.1.3,1.1
39.9827079773,-83.0079956055,227.499862671,2013-03-27 12:50:08,"iPhone4,1",6.1.3,1.1
39.9822654724,-83.0018539429,232.654052734,2013-03-27 22:32:32,"iPhone4,1",6.1.3,1.1
39.9828109741,-83.0085296631,227.202789307,2013-03-28 12:22:24,"iPhone4,1",6.1.3,1.1
39.9823646545,-83.0026321411,232.014022827,2013-03-28 22:32:32,"iPhone4,1",6.1.3,1.1
39.9762496948,-83.0032653809,232.393997192,2013-03-28 23:38:40,"iPhone4,1",6.1.3,1.1
39.9810638428,-83.0050201416,232.019638062,2013-03-29 02:40:00,"iPhone4,1",6.1.3,1.1
39.9919815063,-83.0247344971,232.281295776,2013-03-29 13:17:52,"iPhone4,1",6.1.3,1.1
39.981212616,-83.0044174194,230.999038696,2013-03-29 13:26:24,"iPhone4,1",6.1.3,1.1
39.9827728271,-83.0082397461,227.742111206,2013-03-29 14:56:00,"iPhone4,1",6.1.3,1.1
39.9827384949,-83.0077667236,227.742111206,2013-03-29 14:58:08,"iPhone4,1",6.1.3,1.1
39.9761657715,-83.0025863647,231.856521606,2013-03-29 23:25:52,"iPhone4,1",6.1.3,1.1
39.9939498901,-83.0067443848,240.908630371,2013-03-29 23:38:40,"iPhone4,1",6.1.3,1.1
39.9821472168,-83.0012359619,235.025283813,2013-03-30 00:29:52,"iPhone4,1",6.1.3,1.1
39.977558136,-83.0003051758,234,2013-03-30 12:35:12,"iPhone4,1",6.1.3,1.1
39.9752197266,-83.1021347046,244,2013-03-30 12:41:36,"iPhone4,1",6.1.3,1.1
39.9219055176,-83.1222991943,265,2013-03-30 12:45:52,"iPhone4,1",6.1.3,1.1
39.926651001,-83.1182785034,263.310760498,2013-03-30 14:17:36,"iPhone4,1",6.1.3,1.1
39.9215888977,-83.1229248047,271.909698486,2013-03-30 14:30:24,"iPhone4,1",6.1.3,1.1
39.9486274719,-83.1196670532,274,2013-03-30 14:34:40,"iPhone4,1",6.1.3,1.1
39.9688911438,-83.0509109497,220,2013-03-30 14:41:04,"iPhone4,1",6.1.3,1.1
39.982219696,-83.0017929077,233.002593994,2013-03-30 14:45:20,"iPhone4,1",6.1.3,1.1
39.9772758484,-83.0035934448,235.072937012,2013-03-30 15:06:40,"iPhone4,1",6.1.3,1.1
39.9938964844,-82.9110107422,233.243225098,2013-03-30 15:21:36,"iPhone4,1",6.1.3,1.1
39.998134613,-82.884185791,254.407852173,2013-03-30 15:36:32,"iPhone4,1",6.1.3,1.1
39.9949264526,-82.978729248,246.656890869,2013-03-30 17:31:44,"iPhone4,1",6.1.3,1.1
33.6431312561,-84.4376907349,310.402618408,2013-03-30 18:42:08,"iPhone4,1",6.1.3,1.1
33.6432609558,-84.4378509521,322,2013-03-30 18:42:08,"iPhone4,1",6.1.3,1.1
33.6407699585,-84.4357223511,312.928070068,2013-03-30 19:20:32,"iPhone4,1",6.1.3,1.1
33.6373291016,-84.4243850708,311.557281494,2013-03-30 21:02:56,"iPhone4,1",6.1.3,1.1
26.3364257812,-81.8474121094,3.79375696182,2013-03-30 23:17:20,"iPhone4,1",6.1.3,1.1
26.4140987396,-81.9007263184,8.59791660309,2013-03-30 23:28:00,"iPhone4,1",6.1.3,1.1
26.434677124,-81.9189682007,4.17485284805,2013-03-30 23:40:48,"iPhone4,1",6.1.3,1.1
26.4134597778,-81.8996047974,4.98233413696,2013-03-31 00:25:36,"iPhone4,1",6.1.3,1.1
26.4335155487,-81.9177474976,6.47902488708,2013-03-31 02:20:48,"iPhone4,1",6.1.3,1.1
26.5025253296,-81.8863525391,7,2013-03-31 13:05:04,"iPhone4,1",6.1.3,1.1
26.4241218567,-81.9072952271,2,2013-03-31 13:17:52,"iPhone4,1",6.1.3,1.1
26.3526496887,-81.8549957275,6.86947584152,2013-03-31 13:30:40,"iPhone4,1",6.1.3,1.1
26.3303699493,-81.8142852783,7.27802419662,2013-03-31 13:37:04,"iPhone4,1",6.1.3,1.1
26.2733516693,-81.8018569946,22.9897003174,2013-03-31 13:43:28,"iPhone4,1",6.1.3,1.1
26.2547836304,-81.8008804321,8,2013-03-31 13:47:44,"iPhone4,1",6.1.3,1.1
26.2666912079,-81.8018493652,8,2013-03-31 14:36:48,"iPhone4,1",6.1.3,1.1
26.3182487488,-81.8057556152,8.64799404144,2013-03-31 14:41:04,"iPhone4,1",6.1.3,1.1
26.3250846863,-81.8055648804,7.99864912033,2013-03-31 14:56:00,"iPhone4,1",6.1.3,1.1
26.3303756714,-81.8403167725,8,2013-03-31 15:00:16,"iPhone4,1",6.1.3,1.1
26.4049282074,-81.8785934448,7,2013-03-31 15:10:56,"iPhone4,1",6.1.3,1.1
26.4217414856,-81.9042892456,5.91560602188,2013-03-31 15:15:12,"iPhone4,1",6.1.3,1.1
26.4482364655,-81.9415893555,5.87769460678,2013-03-31 15:23:44,"iPhone4,1",6.1.3,1.1
26.4518623352,-81.9525985718,6.12802553177,2013-03-31 15:30:08,"iPhone4,1",6.1.3,1.1
26.4379901886,-81.923286438,6.00260019302,2013-03-31 15:36:32,"iPhone4,1",6.1.3,1.1
26.4346981049,-81.9189682007,5.00615692139,2013-03-31 16:00:00,"iPhone4,1",6.1.3,1.1
26.4066200256,-81.8959350586,6.47043371201,2013-03-31 18:08:00,"iPhone4,1",6.1.3,1.1
26.3838691711,-81.8365859985,5.15642309189,2013-03-31 18:16:32,"iPhone4,1",6.1.3,1.1
26.3305168152,-81.8273773193,3.88554191589,2013-03-31 18:22:56,"iPhone4,1",6.1.3,1.1
26.3807373047,-81.807723999,-3.99491930008,2013-03-31 18:31:28,"iPhone4,1",6.1.3,1.1
26.4206008911,-81.8119125366,8.51333618164,2013-03-31 18:37:52,"iPhone4,1",6.1.3,1.1
26.4311504364,-81.8008041382,8.57095336914,2013-03-31 18:42:08,"iPhone4,1",6.1.3,1.1
26.4588336945,-81.7968292236,-17.988079071,2013-03-31 18:50:40,"iPhone4,1",6.1.3,1.1
26.4923973083,-81.8067092896,6.92501306534,2013-04-01 00:57:36,"iPhone4,1",6.1.3,1.1
26.4892463684,-81.8305358887,7.44392538071,2013-04-01 01:23:12,"iPhone4,1",6.1.3,1.1
26.4551715851,-81.953086853,7.09355831146,2013-04-01 01:36:00,"iPhone4,1",6.1.3,1.1
26.4514751434,-81.9491882324,5.86017513275,2013-04-01 01:44:32,"iPhone4,1",6.1.3,1.1
26.4351387024,-81.9191055298,4.71685791016,2013-04-01 05:00:48,"iPhone4,1",6.1.3,1.1
26.4232406616,-81.8267059326,4.87287712097,2013-04-01 08:44:48,"iPhone4,1",6.1.3,1.1
26.435131073,-81.9190673828,5.58855819702,2013-04-01 09:12:32,"iPhone4,1",6.1.3,1.1
26.4250488281,-81.8403549194,4.5186662674,2013-04-01 12:54:24,"iPhone4,1",6.1.3,1.1
26.4345493317,-81.9187698364,4.66080951691,2013-04-01 13:17:52,"iPhone4,1",6.1.3,1.1
26.4554290771,-81.9551315308,5.72149896622,2013-04-02 01:14:40,"iPhone4,1",6.1.3,1.1
26.4518547058,-81.951965332,4.06255245209,2013-04-02 02:40:00,"iPhone4,1",6.1.3,1.1
26.4346008301,-81.9187316895,4.48213863373,2013-04-02 03:05:36,"iPhone4,1",6.1.3,1.1
26.4219837189,-81.8211288452,4.15427160263,2013-04-02 07:53:36,"iPhone4,1",6.1.3,1.1
26.4347801208,-81.9191360474,3.99290966988,2013-04-02 08:17:04,"iPhone4,1",6.1.3,1.1
26.4271736145,-81.8309173584,4.55747318268,2013-04-02 12:37:20,"iPhone4,1",6.1.3,1.1
26.4345359802,-81.9187316895,4.6882352829,2013-04-02 12:52:16,"iPhone4,1",6.1.3,1.1
26.4397468567,-81.9926147461,4.98000144958,2013-04-02 14:53:52,"iPhone4,1",6.1.3,1.1
26.4345722198,-81.9189224243,4.88215351105,2013-04-02 15:08:48,"iPhone4,1",6.1.3,1.1
26.4446430206,-82.0019760132,4.9455447197,2013-04-02 16:06:24,"iPhone4,1",6.1.3,1.1
26.4345855713,-81.9190444946,4.22727870941,2013-04-02 16:27:44,"iPhone4,1",6.1.3,1.1
26.4615211487,-81.9383544922,5.12934446335,2013-04-02 17:33:52,"iPhone4,1",6.1.3,1.1
26.4512748718,-81.9506454468,3.69983696938,2013-04-02 17:40:16,"iPhone4,1",6.1.3,1.1
26.490896225,-81.9432601929,6,2013-04-02 17:48:48,"iPhone4,1",6.1.3,1.1
26.547700882,-81.8849105835,5.36857128143,2013-04-02 17:59:28,"iPhone4,1",6.1.3,1.1
26.5821628571,-81.8745117188,8,2013-04-02 18:12:16,"iPhone4,1",6.1.3,1.1
26.5835514069,-81.869720459,-2,2013-04-02 19:01:20,"iPhone4,1",6.1.3,1.1
26.5974712372,-81.86302948,4,2013-04-02 19:09:52,"iPhone4,1",6.1.3,1.1
26.4475460052,-81.8120422363,14,2013-04-02 20:26:40,"iPhone4,1",6.1.3,1.1
26.368806839,-81.8287887573,-14,2013-04-02 20:48:00,"iPhone4,1",6.1.3,1.1
26.3344841003,-81.8467025757,2,2013-04-02 21:20:00,"iPhone4,1",6.1.3,1.1
26.4345836639,-81.918762207,4.47388839722,2013-04-02 21:26:24,"iPhone4,1",6.1.3,1.1
26.4452419281,-82.0069046021,4.55478811264,2013-04-02 22:17:36,"iPhone4,1",6.1.3,1.1
26.4344596863,-81.9189758301,4.5515370369,2013-04-02 22:32:32,"iPhone4,1",6.1.3,1.1
26.4345550537,-81.9188919067,2,2013-04-02 22:56:00,"iPhone4,1",6.1.3,1.1
26.4142456055,-81.8996353149,6.24739456177,2013-04-03 00:51:12,"iPhone4,1",6.1.3,1.1
26.4198303223,-81.9031295776,6.09540176392,2013-04-03 02:29:20,"iPhone4,1",6.1.3,1.1
26.4345664978,-81.9187698364,4.61442565918,2013-04-03 02:42:08,"iPhone4,1",6.1.3,1.1
26.362865448,-81.8703689575,4.20191431046,2013-04-03 05:22:08,"iPhone4,1",6.1.3,1.1
26.434633255,-81.9187469482,4.17492008209,2013-04-03 05:32:48,"iPhone4,1",6.1.3,1.1
26.3675899506,-81.8391876221,-8,2013-04-03 05:41:20,"iPhone4,1",6.1.3,1.1
26.435125351,-81.9192810059,4.10659790039,2013-04-03 05:56:16,"iPhone4,1",6.1.3,1.1
26.4198989868,-81.8370056152,-3,2013-04-03 08:00:00,"iPhone4,1",6.1.3,1.1
26.4346981049,-81.918548584,4.07233667374,2013-04-03 08:14:56,"iPhone4,1",6.1.3,1.1
26.4451179504,-82.0110931396,4.56213760376,2013-04-03 11:33:20,"iPhone4,1",6.1.3,1.1
26.434677124,-81.9189682007,4.97009134293,2013-04-03 11:48:16,"iPhone4,1",6.1.3,1.1
26.4413280487,-82.0033111572,5.48435592651,2013-04-03 15:10:56,"iPhone4,1",6.1.3,1.1
26.4336452484,-81.9174041748,5.15228939056,2013-04-03 15:17:20,"iPhone4,1",6.1.3,1.1
26.4145736694,-81.8996200562,6.6216750145,2013-04-03 15:25:52,"iPhone4,1",6.1.3,1.1
26.4345378876,-81.9187164307,4.53301858902,2013-04-03 15:49:20,"iPhone4,1",6.1.3,1.1
26.3735847473,-81.8789215088,4.85406208038,2013-04-03 16:27:44,"iPhone4,1",6.1.3,1.1
26.4154872894,-81.9520645142,4.85406208038,2013-04-03 17:27:28,"iPhone4,1",6.1.3,1.1
26.4343528748,-81.9188766479,-2,2013-04-03 17:53:04,"iPhone4,1",6.1.3,1.1
26.4315986633,-81.9147872925,3.4566552639,2013-04-03 19:09:52,"iPhone4,1",6.1.3,1.1
26.407831192,-81.8960266113,6.78452014923,2013-04-03 19:16:16,"iPhone4,1",6.1.3,1.1
26.3545799255,-81.8563461304,8.08373260498,2013-04-03 19:22:40,"iPhone4,1",6.1.3,1.1
26.3303394318,-81.831817627,4.06296920776,2013-04-03 19:26:56,"iPhone4,1",6.1.3,1.1
26.3311481476,-81.805770874,7.29168272018,2013-04-03 19:33:20,"iPhone4,1",6.1.3,1.1
26.3915405273,-81.8105010986,2.48550510406,2013-04-03 19:39:44,"iPhone4,1",6.1.3,1.1
26.4290390015,-81.7878799438,8.03112125397,2013-04-03 19:46:08,"iPhone4,1",6.1.3,1.1
26.4570941925,-81.7807769775,-28.9903087616,2013-04-03 19:52:32,"iPhone4,1",6.1.3,1.1
26.5184173584,-81.7595062256,7.99208402634,2013-04-03 19:58:56,"iPhone4,1",6.1.3,1.1
26.5279808044,-81.7555923462,13.1425628662,2013-04-03 20:05:20,"iPhone4,1",6.1.3,1.1
26.5449638367,-81.7591934204,8.85077381134,2013-04-03 22:02:40,"iPhone4,1",6.1.3,1.1
33.6418991089,-84.4326858521,0,2013-04-04 00:12:48,"iPhone4,1",6.1.3,1.1
39.9996185303,-82.8844528198,0,2013-04-04 03:41:52,"iPhone4,1",6.1.3,1.1
40.0007171631,-82.8935623169,242,2013-04-04 04:09:36,"iPhone4,1",6.1.3,1.1
39.9830436707,-83.0030288696,252,2013-04-04 04:26:40,"iPhone4,1",6.1.3,1.1
39.9825897217,-83.0012283325,109,2013-04-04 06:00:32,"iPhone4,1",6.1.3,1.1
39.9825897217,-83.0012435913,109,2013-04-04 06:13:20,"iPhone4,1",6.1.3,1.1
39.982257843,-83.0013122559,249,2013-04-04 06:13:20,"iPhone4,1",6.1.3,1.1
39.9789161682,-83.0004882812,232.715042114,2013-04-04 23:32:16,"iPhone4,1",6.1.3,1.1
39.9584274292,-82.9958190918,240.999740601,2013-04-04 23:36:32,"iPhone4,1",6.1.3,1.1
39.9631118774,-82.9962844849,240.946502686,2013-04-04 23:40:48,"iPhone4,1",6.1.3,1.1
39.9946403503,-83.0034179688,231,2013-04-04 23:47:12,"iPhone4,1",6.1.3,1.1
39.9821853638,-83.0013427734,232.982757568,2013-04-05 00:55:28,"iPhone4,1",6.1.3,1.1
39.9825057983,-83.0073852539,231,2013-04-05 13:15:44,"iPhone4,1",6.1.3,1.1
39.9822006226,-83.0012207031,231.470001221,2013-04-06 01:16:48,"iPhone4,1",6.1.3,1.1
39.9569320679,-82.9950942993,241,2013-04-06 16:29:52,"iPhone4,1",6.1.3,1.1
39.9622650146,-82.9962921143,237.840698242,2013-04-06 17:21:04,"iPhone4,1",6.1.3,1.1
39.9821739197,-83.0012130737,233.476257324,2013-04-06 17:27:28,"iPhone4,1",6.1.3,1.1
39.9866447449,-82.999710083,237.571105957,2013-04-06 20:16:00,"iPhone4,1",6.1.3,1.1
40.0004119873,-82.9986801147,255.264099121,2013-04-06 20:20:16,"iPhone4,1",6.1.3,1.1
40.0008773804,-82.9926834106,261.223083496,2013-04-06 20:54:24,"iPhone4,1",6.1.3,1.1
40.0086860657,-82.9926757812,199.077774048,2013-04-06 21:02:56,"iPhone4,1",6.1.3,1.1
40.0069694519,-82.9981460571,262,2013-04-06 23:30:08,"iPhone4,1",6.1.3,1.1
40.0037231445,-83.0022583008,237.431442261,2013-04-07 00:46:56,"iPhone4,1",6.1.3,1.1
40.0004959106,-83.0082244873,236.259429932,2013-04-07 00:55:28,"iPhone4,1",6.1.3,1.1
39.9941825867,-83.007019043,231,2013-04-07 01:42:24,"iPhone4,1",6.1.3,1.1
39.9883232117,-83.005821228,231,2013-04-07 03:01:20,"iPhone4,1",6.1.3,1.1
39.9821090698,-83.0012130737,228.83744812,2013-04-07 03:12:00,"iPhone4,1",6.1.3,1.1
39.9842300415,-83.0181427002,229.417678833,2013-04-07 03:26:56,"iPhone4,1",6.1.3,1.1
39.9822273254,-83.0013504028,243,2013-04-07 03:44:00,"iPhone4,1",6.1.3,1.1
39.982749939,-83.0024185181,227,2013-04-07 14:49:36,"iPhone4,1",6.1.3,1.1
39.9937133789,-83.0072631836,230.83656311,2013-04-07 15:10:56,"iPhone4,1",6.1.3,1.1
39.9821929932,-83.0016326904,231,2013-04-07 15:21:36,"iPhone4,1",6.1.3,1.1
39.9767494202,-83.0034179688,231.687210083,2013-04-07 17:16:48,"iPhone4,1",6.1.3,1.1
39.9687080383,-83.0087738037,231.409683228,2013-04-07 17:27:28,"iPhone4,1",6.1.3,1.1
39.982131958,-83.0017166138,231,2013-04-07 17:31:44,"iPhone4,1",6.1.3,1.1
39.9778442383,-83.003616333,231.404449463,2013-04-07 18:44:16,"iPhone4,1",6.1.3,1.1
39.9729804993,-83.0046691895,230.945037842,2013-04-07 18:52:48,"iPhone4,1",6.1.3,1.1
39.9784393311,-83.006942749,231,2013-04-07 22:13:20,"iPhone4,1",6.1.3,1.1
39.9821624756,-83.0012359619,233.178039551,2013-04-07 23:32:16,"iPhone4,1",6.1.3,1.1
39.9828071594,-83.0087280273,231,2013-04-08 13:17:52,"iPhone4,1",6.1.3,1.1
40.0029716492,-83.029510498,227.765655518,2013-04-08 20:01:04,"iPhone4,1",6.1.3,1.1
40.0630722046,-83.0401382446,246.749542236,2013-04-08 20:07:28,"iPhone4,1",6.1.3,1.1
40.006477356,-83.0334701538,237,2013-04-08 20:20:16,"iPhone4,1",6.1.3,1.1
40.0202255249,-83.0584640503,256,2013-04-08 20:30:56,"iPhone4,1",6.1.3,1.1
40.0091247559,-83.0579071045,256,2013-04-08 20:52:16,"iPhone4,1",6.1.3,1.1
39.9851303101,-83.0209197998,256,2013-04-08 21:00:48,"iPhone4,1",6.1.3,1.1
39.982383728,-83.0015563965,239.299438477,2013-04-08 21:13:36,"iPhone4,1",6.1.3,1.1
39.9921150208,-83.0234451294,233.131652832,2013-04-08 21:26:24,"iPhone4,1",6.1.3,1.1
39.9883651733,-83.0393218994,231,2013-04-08 21:34:56,"iPhone4,1",6.1.3,1.1
39.9892425537,-83.0556411743,243,2013-04-08 22:24:00,"iPhone4,1",6.1.3,1.1
39.9881820679,-83.0278549194,241.463989258,2013-04-08 22:32:32,"iPhone4,1",6.1.3,1.1
39.9843177795,-83.0035934448,229.870391846,2013-04-08 22:36:48,"iPhone4,1",6.1.3,1.1
39.9901390076,-83.0060958862,231,2013-04-08 22:43:12,"iPhone4,1",6.1.3,1.1